"id","main_expenditure_groups_ar","main_expenditure_groups_en","weight","year","month_ar","month_en","price_index"
"898","الرقم القياسي لأسعار المستهلك ","General index number","100.00","2020","أكتوبر","October","103.04"
"899"," مجموعة الطعام والمشروبات","Food and beverages group","13.09","2020","أكتوبر","October","109.31"
"900"," مجموعة التبغ","Tobacco group","0.35","2020","أكتوبر","October","203.67"
"901"," مجموعة الملابس وملبوسات القدم","Clothing and Footwear group","2.05","2020","أكتوبر","October","105.54"
"902","مجموعة السكن والمياه والكهرباء والغاز والوقود","Housing/water/electricity/gas/other fuels group","43.62","2020","أكتوبر","October","93.49"
"903","مجموعة الاثاث والتأثيث والأدوات المنزلية وإصلاحها","Furnishings/household equipment/routine household maintenance group","3.76","2020","أكتوبر","October","114.42"
"904"," مجموعة الصحة","Health group","0.85","2020","أكتوبر","October","102.56"
"905"," مجموعة النقل","Transport group","10.62","2020","أكتوبر","October","102.44"
"906"," مجموعة الاتصالات","Communication group","5.22","2020","أكتوبر","October","105.68"
"907"," مجموعة الترفيه والثقافه","Recreation and Culture group","2.33","2020","أكتوبر","October","83.67"
"908"," مجموعة التعليم","Education group","8.48","2020","أكتوبر","October","120.58"
"909"," مجموعة المطاعم والفنادق","Restaurants and hotels group","4.00","2020","أكتوبر","October","121.43"
"910"," مجموعة السلع والخدمات المتنوعة","Miscellaneous Goods and Services group","5.63","2020","أكتوبر","October","114.95"
"885","الرقم القياسي لأسعار المستهلك ","General index number","100.00","2020","سبتمبر","September","103.32"
"886"," مجموعة الطعام والمشروبات","Food and beverages group","13.09","2020","سبتمبر","September","109.97"
"887"," مجموعة التبغ","Tobacco group","0.35","2020","سبتمبر","September","203.69"
"888"," مجموعة الملابس وملبوسات القدم","Clothing and Footwear group","2.05","2020","سبتمبر","September","100.48"
"889","مجموعة السكن والمياه والكهرباء والغاز والوقود","Housing/water/electricity/gas/other fuels group","43.62","2020","سبتمبر","September","94.70"
"890","مجموعة الاثاث والتأثيث والأدوات المنزلية وإصلاحها","Furnishings/household equipment/routine household maintenance group","3.76","2020","سبتمبر","September","113.74"
"891"," مجموعة الصحة","Health group","0.85","2020","سبتمبر","September","102.54"
"892"," مجموعة النقل","Transport group","10.62","2020","سبتمبر","September","101.97"
"893"," مجموعة الاتصالات","Communication group","5.22","2020","سبتمبر","September","105.41"
"894"," مجموعة الترفيه والثقافه","Recreation and Culture group","2.33","2020","سبتمبر","September","84.54"
"895"," مجموعة التعليم","Education group","8.48","2020","سبتمبر","September","120.58"
"896"," مجموعة المطاعم والفنادق","Restaurants and hotels group","4.00","2020","سبتمبر","September","120.25"
"897"," مجموعة السلع والخدمات المتنوعة","Miscellaneous Goods and Services group","5.63","2020","سبتمبر","September","112.83"
"872","الرقم القياسي لأسعار المستهلك ","General index number","100.00","2020","أغسطس","August","103.78"
"873"," مجموعة الطعام والمشروبات","Food and beverages group","13.09","2020","أغسطس","August","110.34"
"874"," مجموعة التبغ","Tobacco group","0.35","2020","أغسطس","August","203.71"
"875"," مجموعة الملابس وملبوسات القدم","Clothing and Footwear group","2.05","2020","أغسطس","August","100.42"
"876","مجموعة السكن والمياه والكهرباء والغاز والوقود","Housing/water/electricity/gas/other fuels group","43.62","2020","أغسطس","August","95.48"
"877","مجموعة الاثاث والتأثيث والأدوات المنزلية وإصلاحها","Furnishings/household equipment/routine household maintenance group","3.76","2020","أغسطس","August","113.53"
"878"," مجموعة الصحة","Health group","0.85","2020","أغسطس","August","102.54"
"879"," مجموعة النقل","Transport group","10.62","2020","أغسطس","August","102.54"
"880"," مجموعة الاتصالات","Communication group","5.22","2020","أغسطس","August","105.40"
"881"," مجموعة الترفيه والثقافه","Recreation and Culture group","2.33","2020","أغسطس","August","84.45"
"882"," مجموعة التعليم","Education group","8.48","2020","أغسطس","August","120.41"
"883"," مجموعة المطاعم والفنادق","Restaurants and hotels group","4.00","2020","أغسطس","August","120.19"
"884"," مجموعة السلع والخدمات المتنوعة","Miscellaneous Goods and Services group","5.63","2020","أغسطس","August","113.65"
"859","الرقم القياسي لأسعار المستهلك ","General index number","100.00","2020","يوليو","July","104.11"
"860"," مجموعة الطعام والمشروبات","Food and beverages group","13.09","2020","يوليو","July","110.06"
"861"," مجموعة التبغ","Tobacco group","0.35","2020","يوليو","July","203.66"
"862"," مجموعة الملابس وملبوسات القدم","Clothing and Footwear group","2.05","2020","يوليو","July","100.42"
"863","مجموعة السكن والمياه والكهرباء والغاز والوقود","Housing/water/electricity/gas/other fuels group","43.62","2020","يوليو","July","96.23"
"864","مجموعة الاثاث والتأثيث والأدوات المنزلية وإصلاحها","Furnishings/household equipment/routine household maintenance group","3.76","2020","يوليو","July","113.55"
"865"," مجموعة الصحة","Health group","0.85","2020","يوليو","July","102.54"
"866"," مجموعة النقل","Transport group","10.62","2020","يوليو","July","101.79"
"867"," مجموعة الاتصالات","Communication group","5.22","2020","يوليو","July","105.39"
"868"," مجموعة الترفيه والثقافه","Recreation and Culture group","2.33","2020","يوليو","July","83.93"
"869"," مجموعة التعليم","Education group","8.48","2020","يوليو","July","120.41"
"870"," مجموعة المطاعم والفنادق","Restaurants and hotels group","4.00","2020","يوليو","July","120.20"
"871"," مجموعة السلع والخدمات المتنوعة","Miscellaneous Goods and Services group","5.63","2020","يوليو","July","116.03"
"833","الرقم القياسي لأسعار المستهلك ","General index number","100.00","2020","مايو","May","104.05"
"834"," مجموعة الطعام والمشروبات","Food and beverages group","13.09","2020","مايو","May","110.71"
"835"," مجموعة التبغ","Tobacco group","0.35","2020","مايو","May","203.63"
"836"," مجموعة الملابس وملبوسات القدم","Clothing and Footwear group","2.05","2020","مايو","May","100.45"
"837","مجموعة السكن والمياه والكهرباء والغاز والوقود","Housing/water/electricity/gas/other fuels group","43.62","2020","مايو","May","96.23"
"838","مجموعة الاثاث والتأثيث والأدوات المنزلية وإصلاحها","Furnishings/household equipment/routine household maintenance group","3.76","2020","مايو","May","113.95"
"839"," مجموعة الصحة","Health group","0.85","2020","مايو","May","102.50"
"840"," مجموعة النقل","Transport group","10.62","2020","مايو","May","100.86"
"841"," مجموعة الاتصالات","Communication group","5.22","2020","مايو","May","105.47"
"842"," مجموعة الترفيه والثقافه","Recreation and Culture group","2.33","2020","مايو","May","84.16"
"843"," مجموعة التعليم","Education group","8.48","2020","مايو","May","120.41"
"844"," مجموعة المطاعم والفنادق","Restaurants and hotels group","4.00","2020","مايو","May","120.26"
"845"," مجموعة السلع والخدمات المتنوعة","Miscellaneous Goods and Services group","5.63","2020","مايو","May","114.71"
"820","الرقم القياسي لأسعار المستهلك ","General index number","100.00","2020","إبريل","April","103.93"
"821"," مجموعة الطعام والمشروبات","Food and beverages group","13.09","2020","إبريل","April","110.94"
"822"," مجموعة التبغ","Tobacco group","0.35","2020","إبريل","April","203.63"
"823"," مجموعة الملابس وملبوسات القدم","Clothing and Footwear group","2.05","2020","إبريل","April","100.45"
"824","مجموعة السكن والمياه والكهرباء والغاز والوقود","Housing/water/electricity/gas/other fuels group","43.62","2020","إبريل","April","96.67"
"825","مجموعة الاثاث والتأثيث والأدوات المنزلية وإصلاحها","Furnishings/household equipment/routine household maintenance group","3.76","2020","إبريل","April","113.82"
"826"," مجموعة الصحة","Health group","0.85","2020","إبريل","April","102.50"
"827"," مجموعة النقل","Transport group","10.62","2020","إبريل","April","97.50"
"828"," مجموعة الاتصالات","Communication group","5.22","2020","إبريل","April","105.53"
"829"," مجموعة الترفيه والثقافه","Recreation and Culture group","2.33","2020","إبريل","April","84.41"
"830"," مجموعة التعليم","Education group","8.48","2020","إبريل","April","120.41"
"831"," مجموعة المطاعم والفنادق","Restaurants and hotels group","4.00","2020","إبريل","April","120.55"
"832"," مجموعة السلع والخدمات المتنوعة","Miscellaneous Goods and Services group","5.63","2020","إبريل","April","114.64"
"807","الرقم القياسي لأسعار المستهلك ","General index number","100.00","2020","مارس","March","105.07"
"808"," مجموعة الطعام والمشروبات","Food and beverages group","13.09","2020","مارس","March","109.97"
"809"," مجموعة التبغ","Tobacco group","0.35","2020","مارس","March","203.63"
"810"," مجموعة الملابس وملبوسات القدم","Clothing and Footwear group","2.05","2020","مارس","March","100.45"
"811","مجموعة السكن والمياه والكهرباء والغاز والوقود","Housing/water/electricity/gas/other fuels group","43.62","2020","مارس","March","97.50"
"812","مجموعة الاثاث والتأثيث والأدوات المنزلية وإصلاحها","Furnishings/household equipment/routine household maintenance group","3.76","2020","مارس","March","113.83"
"813"," مجموعة الصحة","Health group","0.85","2020","مارس","March","102.50"
"814"," مجموعة النقل","Transport group","10.62","2020","مارس","March","106.45"
"815"," مجموعة الاتصالات","Communication group","5.22","2020","مارس","March","105.60"
"816"," مجموعة الترفيه والثقافه","Recreation and Culture group","2.33","2020","مارس","March","84.27"
"817"," مجموعة التعليم","Education group","8.48","2020","مارس","March","120.15"
"818"," مجموعة المطاعم والفنادق","Restaurants and hotels group","4.00","2020","مارس","March","120.71"
"819"," مجموعة السلع والخدمات المتنوعة","Miscellaneous Goods and Services group","5.63","2020","مارس","March","114.11"
"794","الرقم القياسي لأسعار المستهلك ","General index number","100.00","2020","فبراير","February","105.79"
"795"," مجموعة الطعام والمشروبات","Food and beverages group","13.09","2020","فبراير","February","107.29"
"796"," مجموعة التبغ","Tobacco group","0.35","2020","فبراير","February","203.44"
"797"," مجموعة الملابس وملبوسات القدم","Clothing and Footwear group","2.05","2020","فبراير","February","100.45"
"798","مجموعة السكن والمياه والكهرباء والغاز والوقود","Housing/water/electricity/gas/other fuels group","43.62","2020","فبراير","February","98.82"
"799","مجموعة الاثاث والتأثيث والأدوات المنزلية وإصلاحها","Furnishings/household equipment/routine household maintenance group","3.76","2020","فبراير","February","113.91"
"800"," مجموعة الصحة","Health group","0.85","2020","فبراير","February","102.50"
"801"," مجموعة النقل","Transport group","10.62","2020","فبراير","February","109.91"
"802"," مجموعة الاتصالات","Communication group","5.22","2020","فبراير","February","105.55"
"803"," مجموعة الترفيه والثقافه","Recreation and Culture group","2.33","2020","فبراير","February","88.57"
"804"," مجموعة التعليم","Education group","8.48","2020","فبراير","February","120.15"
"805"," مجموعة المطاعم والفنادق","Restaurants and hotels group","4.00","2020","فبراير","February","120.82"
"806"," مجموعة السلع والخدمات المتنوعة","Miscellaneous Goods and Services group","5.63","2020","فبراير","February","114.56"
"781","الرقم القياسي لأسعار المستهلك ","General index number","100.00","2020","يناير","January","106.15"
"782"," مجموعة الطعام والمشروبات","Food and beverages group","13.09","2020","يناير","January","107.15"
"783"," مجموعة التبغ","Tobacco group","0.35","2020","يناير","January","203.46"
"784"," مجموعة الملابس وملبوسات القدم","Clothing and Footwear group","2.05","2020","يناير","January","100.45"
"785","مجموعة السكن والمياه والكهرباء والغاز والوقود","Housing/water/electricity/gas/other fuels group","43.62","2020","يناير","January","99.24"
"786","مجموعة الاثاث والتأثيث والأدوات المنزلية وإصلاحها","Furnishings/household equipment/routine household maintenance group","3.76","2020","يناير","January","113.83"
"787"," مجموعة الصحة","Health group","0.85","2020","يناير","January","102.50"
"788"," مجموعة النقل","Transport group","10.62","2020","يناير","January","110.46"
"789"," مجموعة الاتصالات","Communication group","5.22","2020","يناير","January","105.55"
"790"," مجموعة الترفيه والثقافه","Recreation and Culture group","2.33","2020","يناير","January","92.67"
"791"," مجموعة التعليم","Education group","8.48","2020","يناير","January","120.15"
"792"," مجموعة المطاعم والفنادق","Restaurants and hotels group","4.00","2020","يناير","January","121.04"
"793"," مجموعة السلع والخدمات المتنوعة","Miscellaneous Goods and Services group","5.63","2020","يناير","January","115.08"
"768","الرقم القياسي لأسعار المستهلك ","General index number","100.00","2019","ديسمبر","December","106.75"
"769"," مجموعة الطعام والمشروبات","Food and beverages group","13.09","2019","ديسمبر","December","107.56"
"770"," مجموعة التبغ","Tobacco group","0.35","2019","ديسمبر","December","203.45"
"771"," مجموعة الملابس وملبوسات القدم","Clothing and Footwear group","2.05","2019","ديسمبر","December","108.00"
"772","مجموعة السكن والمياه والكهرباء والغاز والوقود","Housing/water/electricity/gas/other fuels group","43.62","2019","ديسمبر","December","99.72"
"773","مجموعة الاثاث والتأثيث والأدوات المنزلية وإصلاحها","Furnishings/household equipment/routine household maintenance group","3.76","2019","ديسمبر","December","114.28"
"774"," مجموعة الصحة","Health group","0.85","2019","ديسمبر","December","102.48"
"775"," مجموعة النقل","Transport group","10.62","2019","ديسمبر","December","111.74"
"776"," مجموعة الاتصالات","Communication group","5.22","2019","ديسمبر","December","105.67"
"777"," مجموعة الترفيه والثقافه","Recreation and Culture group","2.33","2019","ديسمبر","December","96.67"
"778"," مجموعة التعليم","Education group","8.48","2019","ديسمبر","December","119.92"
"779"," مجموعة المطاعم والفنادق","Restaurants and hotels group","4.00","2019","ديسمبر","December","120.59"
"780"," مجموعة السلع والخدمات المتنوعة","Miscellaneous Goods and Services group","5.63","2019","ديسمبر","December","114.58"
"755","الرقم القياسي لأسعار المستهلك ","General index number","100.00","2019","نوفمبر","November","106.43"
"756"," مجموعة الطعام والمشروبات","Food and beverages group","13.09","2019","نوفمبر","November","107.79"
"757"," مجموعة التبغ","Tobacco group","0.35","2019","نوفمبر","November","177.00"
"758"," مجموعة الملابس وملبوسات القدم","Clothing and Footwear group","2.05","2019","نوفمبر","November","107.97"
"759","مجموعة السكن والمياه والكهرباء والغاز والوقود","Housing/water/electricity/gas/other fuels group","43.62","2019","نوفمبر","November","100.12"
"760","مجموعة الاثاث والتأثيث والأدوات المنزلية وإصلاحها","Furnishings/household equipment/routine household maintenance group","3.76","2019","نوفمبر","November","114.01"
"761"," مجموعة الصحة","Health group","0.85","2019","نوفمبر","November","102.47"
"762"," مجموعة النقل","Transport group","10.62","2019","نوفمبر","November","108.56"
"763"," مجموعة الاتصالات","Communication group","5.22","2019","نوفمبر","November","105.69"
"764"," مجموعة الترفيه والثقافه","Recreation and Culture group","2.33","2019","نوفمبر","November","92.32"
"765"," مجموعة التعليم","Education group","8.48","2019","نوفمبر","November","119.92"
"766"," مجموعة المطاعم والفنادق","Restaurants and hotels group","4.00","2019","نوفمبر","November","120.68"
"767"," مجموعة السلع والخدمات المتنوعة","Miscellaneous Goods and Services group","5.63","2019","نوفمبر","November","114.86"
"742","الرقم القياسي لأسعار المستهلك ","General index number","100.00","2019","أكتوبر","October","106.67"
"743"," مجموعة الطعام والمشروبات","Food and beverages group","13.09","2019","أكتوبر","October","107.27"
"744"," مجموعة التبغ","Tobacco group","0.35","2019","أكتوبر","October","177.08"
"745"," مجموعة الملابس وملبوسات القدم","Clothing and Footwear group","2.05","2019","أكتوبر","October","107.97"
"746","مجموعة السكن والمياه والكهرباء والغاز والوقود","Housing/water/electricity/gas/other fuels group","43.62","2019","أكتوبر","October","100.47"
"747","مجموعة الاثاث والتأثيث والأدوات المنزلية وإصلاحها","Furnishings/household equipment/routine household maintenance group","3.76","2019","أكتوبر","October","114.02"
"748"," مجموعة الصحة","Health group","0.85","2019","أكتوبر","October","102.47"
"749"," مجموعة النقل","Transport group","10.62","2019","أكتوبر","October","109.31"
"750"," مجموعة الاتصالات","Communication group","5.22","2019","أكتوبر","October","105.35"
"751"," مجموعة الترفيه والثقافه","Recreation and Culture group","2.33","2019","أكتوبر","October","95.32"
"752"," مجموعة التعليم","Education group","8.48","2019","أكتوبر","October","119.92"
"753"," مجموعة المطاعم والفنادق","Restaurants and hotels group","4.00","2019","أكتوبر","October","120.57"
"754"," مجموعة السلع والخدمات المتنوعة","Miscellaneous Goods and Services group","5.63","2019","أكتوبر","October","115.25"
"729","الرقم القياسي لأسعار المستهلك ","General index number","100.00","2019","سبتمبر","September","106.96"
"730"," مجموعة الطعام والمشروبات","Food and beverages group","13.09","2019","سبتمبر","September","107.79"
"731"," مجموعة التبغ","Tobacco group","0.35","2019","سبتمبر","September","176.99"
"732"," مجموعة الملابس وملبوسات القدم","Clothing and Footwear group","2.05","2019","سبتمبر","September","101.95"
"733","مجموعة السكن والمياه والكهرباء والغاز والوقود","Housing/water/electricity/gas/other fuels group","43.62","2019","سبتمبر","September","100.89"
"734","مجموعة الاثاث والتأثيث والأدوات المنزلية وإصلاحها","Furnishings/household equipment/routine household maintenance group","3.76","2019","سبتمبر","September","113.32"
"735"," مجموعة الصحة","Health group","0.85","2019","سبتمبر","September","102.48"
"736"," مجموعة النقل","Transport group","10.62","2019","سبتمبر","September","110.36"
"737"," مجموعة الاتصالات","Communication group","5.22","2019","سبتمبر","September","105.41"
"738"," مجموعة الترفيه والثقافه","Recreation and Culture group","2.33","2019","سبتمبر","September","97.95"
"739"," مجموعة التعليم","Education group","8.48","2019","سبتمبر","September","119.91"
"740"," مجموعة المطاعم والفنادق","Restaurants and hotels group","4.00","2019","سبتمبر","September","120.15"
"741"," مجموعة السلع والخدمات المتنوعة","Miscellaneous Goods and Services group","5.63","2019","سبتمبر","September","115.85"
"716","الرقم القياسي لأسعار المستهلك ","General index number","100.00","2019","أغسطس","August","107.76"
"717"," مجموعة الطعام والمشروبات","Food and beverages group","13.09","2019","أغسطس","August","107.32"
"718"," مجموعة التبغ","Tobacco group","0.35","2019","أغسطس","August","175.64"
"719"," مجموعة الملابس وملبوسات القدم","Clothing and Footwear group","2.05","2019","أغسطس","August","101.87"
"720","مجموعة السكن والمياه والكهرباء والغاز والوقود","Housing/water/electricity/gas/other fuels group","43.62","2019","أغسطس","August","101.28"
"721","مجموعة الاثاث والتأثيث والأدوات المنزلية وإصلاحها","Furnishings/household equipment/routine household maintenance group","3.76","2019","أغسطس","August","113.37"
"722"," مجموعة الصحة","Health group","0.85","2019","أغسطس","August","102.48"
"723"," مجموعة النقل","Transport group","10.62","2019","أغسطس","August","117.86"
"724"," مجموعة الاتصالات","Communication group","5.22","2019","أغسطس","August","105.43"
"725"," مجموعة الترفيه والثقافه","Recreation and Culture group","2.33","2019","أغسطس","August","99.44"
"726"," مجموعة التعليم","Education group","8.48","2019","أغسطس","August","118.19"
"727"," مجموعة المطاعم والفنادق","Restaurants and hotels group","4.00","2019","أغسطس","August","120.28"
"728"," مجموعة السلع والخدمات المتنوعة","Miscellaneous Goods and Services group","5.63","2019","أغسطس","August","115.88"
"703","الرقم القياسي لأسعار المستهلك ","General index number","100.00","2019","يوليو","July","107.46"
"704"," مجموعة الطعام والمشروبات","Food and beverages group","13.09","2019","يوليو","July","107.38"
"705"," مجموعة التبغ","Tobacco group","0.35","2019","يوليو","July","175.63"
"706"," مجموعة الملابس وملبوسات القدم","Clothing and Footwear group","2.05","2019","يوليو","July","101.87"
"707","مجموعة السكن والمياه والكهرباء والغاز والوقود","Housing/water/electricity/gas/other fuels group","43.62","2019","يوليو","July","101.73"
"708","مجموعة الاثاث والتأثيث والأدوات المنزلية وإصلاحها","Furnishings/household equipment/routine household maintenance group","3.76","2019","يوليو","July","113.37"
"709"," مجموعة الصحة","Health group","0.85","2019","يوليو","July","102.48"
"710"," مجموعة النقل","Transport group","10.62","2019","يوليو","July","113.97"
"711"," مجموعة الاتصالات","Communication group","5.22","2019","يوليو","July","105.42"
"712"," مجموعة الترفيه والثقافه","Recreation and Culture group","2.33","2019","يوليو","July","97.17"
"713"," مجموعة التعليم","Education group","8.48","2019","يوليو","July","118.19"
"714"," مجموعة المطاعم والفنادق","Restaurants and hotels group","4.00","2019","يوليو","July","120.20"
"715"," مجموعة السلع والخدمات المتنوعة","Miscellaneous Goods and Services group","5.63","2019","يوليو","July","115.32"
"690","الرقم القياسي لأسعار المستهلك ","General index number","100.00","2019","يونيو","June","107.93"
"691"," مجموعة الطعام والمشروبات","Food and beverages group","13.09","2019","يونيو","June","106.89"
"692"," مجموعة التبغ","Tobacco group","0.35","2019","يونيو","June","175.63"
"693"," مجموعة الملابس وملبوسات القدم","Clothing and Footwear group","2.05","2019","يونيو","June","107.37"
"694","مجموعة السكن والمياه والكهرباء والغاز والوقود","Housing/water/electricity/gas/other fuels group","43.62","2019","يونيو","June","102.16"
"695","مجموعة الاثاث والتأثيث والأدوات المنزلية وإصلاحها","Furnishings/household equipment/routine household maintenance group","3.76","2019","يونيو","June","113.80"
"696"," مجموعة الصحة","Health group","0.85","2019","يونيو","June","102.44"
"697"," مجموعة النقل","Transport group","10.62","2019","يونيو","June","116.58"
"698"," مجموعة الاتصالات","Communication group","5.22","2019","يونيو","June","105.54"
"699"," مجموعة الترفيه والثقافه","Recreation and Culture group","2.33","2019","يونيو","June","95.07"
"700"," مجموعة التعليم","Education group","8.48","2019","يونيو","June","118.19"
"701"," مجموعة المطاعم والفنادق","Restaurants and hotels group","4.00","2019","يونيو","June","120.05"
"702"," مجموعة السلع والخدمات المتنوعة","Miscellaneous Goods and Services group","5.63","2019","يونيو","June","115.12"
"677","الرقم القياسي لأسعار المستهلك ","General index number","100.00","2019","مايو","May","107.82"
"678"," مجموعة الطعام والمشروبات","Food and beverages group","13.09","2019","مايو","May","104.96"
"679"," مجموعة التبغ","Tobacco group","0.35","2019","مايو","May","177.20"
"680"," مجموعة الملابس وملبوسات القدم","Clothing and Footwear group","2.05","2019","مايو","May","107.37"
"681","مجموعة السكن والمياه والكهرباء والغاز والوقود","Housing/water/electricity/gas/other fuels group","43.62","2019","مايو","May","102.66"
"682","مجموعة الاثاث والتأثيث والأدوات المنزلية وإصلاحها","Furnishings/household equipment/routine household maintenance group","3.76","2019","مايو","May","113.80"
"683"," مجموعة الصحة","Health group","0.85","2019","مايو","May","102.43"
"684"," مجموعة النقل","Transport group","10.62","2019","مايو","May","115.14"
"685"," مجموعة الاتصالات","Communication group","5.22","2019","مايو","May","105.67"
"686"," مجموعة الترفيه والثقافه","Recreation and Culture group","2.33","2019","مايو","May","97.36"
"687"," مجموعة التعليم","Education group","8.48","2019","مايو","May","118.19"
"688"," مجموعة المطاعم والفنادق","Restaurants and hotels group","4.00","2019","مايو","May","120.02"
"689"," مجموعة السلع والخدمات المتنوعة","Miscellaneous Goods and Services group","5.63","2019","مايو","May","115.34"
"664","الرقم القياسي لأسعار المستهلك ","General index number","100.00","2019","إبريل","April","107.53"
"665"," مجموعة الطعام والمشروبات","Food and beverages group","13.09","2019","إبريل","April","104.66"
"666"," مجموعة التبغ","Tobacco group","0.35","2019","إبريل","April","177.23"
"667"," مجموعة الملابس وملبوسات القدم","Clothing and Footwear group","2.05","2019","إبريل","April","107.37"
"668","مجموعة السكن والمياه والكهرباء والغاز والوقود","Housing/water/electricity/gas/other fuels group","43.62","2019","إبريل","April","103.18"
"669","مجموعة الاثاث والتأثيث والأدوات المنزلية وإصلاحها","Furnishings/household equipment/routine household maintenance group","3.76","2019","إبريل","April","113.29"
"670"," مجموعة الصحة","Health group","0.85","2019","إبريل","April","102.43"
"671"," مجموعة النقل","Transport group","10.62","2019","إبريل","April","111.24"
"672"," مجموعة الاتصالات","Communication group","5.22","2019","إبريل","April","105.74"
"673"," مجموعة الترفيه والثقافه","Recreation and Culture group","2.33","2019","إبريل","April","95.28"
"674"," مجموعة التعليم","Education group","8.48","2019","إبريل","April","118.19"
"675"," مجموعة المطاعم والفنادق","Restaurants and hotels group","4.00","2019","إبريل","April","120.41"
"676"," مجموعة السلع والخدمات المتنوعة","Miscellaneous Goods and Services group","5.63","2019","إبريل","April","115.08"
"651","الرقم القياسي لأسعار المستهلك ","General index number","100.00","2019","مارس","March","107.02"
"652"," مجموعة الطعام والمشروبات","Food and beverages group","13.09","2019","مارس","March","105.17"
"653"," مجموعة التبغ","Tobacco group","0.35","2019","مارس","March","177.23"
"654"," مجموعة الملابس وملبوسات القدم","Clothing and Footwear group","2.05","2019","مارس","March","103.78"
"655","مجموعة السكن والمياه والكهرباء والغاز والوقود","Housing/water/electricity/gas/other fuels group","43.62","2019","مارس","March","103.73"
"656","مجموعة الاثاث والتأثيث والأدوات المنزلية وإصلاحها","Furnishings/household equipment/routine household maintenance group","3.76","2019","مارس","March","113.28"
"657"," مجموعة الصحة","Health group","0.85","2019","مارس","March","102.51"
"658"," مجموعة النقل","Transport group","10.62","2019","مارس","March","105.72"
"659"," مجموعة الاتصالات","Communication group","5.22","2019","مارس","March","105.35"
"660"," مجموعة الترفيه والثقافه","Recreation and Culture group","2.33","2019","مارس","March","89.67"
"661"," مجموعة التعليم","Education group","8.48","2019","مارس","March","118.19"
"662"," مجموعة المطاعم والفنادق","Restaurants and hotels group","4.00","2019","مارس","March","120.45"
"663"," مجموعة السلع والخدمات المتنوعة","Miscellaneous Goods and Services group","5.63","2019","مارس","March","114.94"
"31","مجموعة السكن والمياه والكهرباء والغاز والوقود","Housing/water/electricity/gas/other fuels group","43.62","2015","مارس","March","104.21"
"231"," مجموعة الترفيه والثقافه","Recreation and Culture group","2.33","2016","يونيو","June","101.23"
"431"," مجموعة الطعام والمشروبات","Food and beverages group","13.09","2017","أكتوبر","October","104.57"
"631"," مجموعة الصحة","Health group","0.85","2019","يناير","January","102.51"
"32","مجموعة الاثاث والتأثيث والأدوات المنزلية وإصلاحها","Furnishings/household equipment/routine household maintenance group","3.76","2015","مارس","March","100.83"
"232"," مجموعة التعليم","Education group","8.48","2016","يونيو","June","108.81"
"432"," مجموعة التبغ","Tobacco group","0.35","2017","أكتوبر","October","157.77"
"632"," مجموعة النقل","Transport group","10.62","2019","يناير","January","105.28"
"33"," مجموعة الصحة","Health group","0.85","2015","مارس","March","101.30"
"233"," مجموعة المطاعم والفنادق","Restaurants and hotels group","4.00","2016","يونيو","June","103.55"
"433"," مجموعة الملابس وملبوسات القدم","Clothing and Footwear group","2.05","2017","أكتوبر","October","110.96"
"633"," مجموعة الاتصالات","Communication group","5.22","2019","يناير","January","105.34"
"34"," مجموعة النقل","Transport group","10.62","2015","مارس","March","97.74"
"234"," مجموعة السلع والخدمات المتنوعة","Miscellaneous Goods and Services group","5.63","2016","يونيو","June","104.89"
"434","مجموعة السكن والمياه والكهرباء والغاز والوقود","Housing/water/electricity/gas/other fuels group","43.62","2017","أكتوبر","October","111.53"
"634"," مجموعة الترفيه والثقافه","Recreation and Culture group","2.33","2019","يناير","January","92.85"
"35"," مجموعة الاتصالات","Communication group","5.22","2015","مارس","March","100.89"
"235","الرقم القياسي لأسعار المستهلك ","General index number","100.00","2016","يوليو","July","107.35"
"435","مجموعة الاثاث والتأثيث والأدوات المنزلية وإصلاحها","Furnishings/household equipment/routine household maintenance group","3.76","2017","أكتوبر","October","109.18"
"635"," مجموعة التعليم","Education group","8.48","2019","يناير","January","118.19"
"36"," مجموعة الترفيه والثقافه","Recreation and Culture group","2.33","2015","مارس","March","99.46"
"236"," مجموعة الطعام والمشروبات","Food and beverages group","13.09","2016","يوليو","July","102.62"
"436"," مجموعة الصحة","Health group","0.85","2017","أكتوبر","October","102.57"
"636"," مجموعة المطاعم والفنادق","Restaurants and hotels group","4.00","2019","يناير","January","120.60"
"37"," مجموعة التعليم","Education group","8.48","2015","مارس","March","101.35"
"237"," مجموعة التبغ","Tobacco group","0.35","2016","يوليو","July","104.42"
"437"," مجموعة النقل","Transport group","10.62","2017","أكتوبر","October","105.41"
"637"," مجموعة السلع والخدمات المتنوعة","Miscellaneous Goods and Services group","5.63","2019","يناير","January","114.60"
"38"," مجموعة المطاعم والفنادق","Restaurants and hotels group","4.00","2015","مارس","March","101.69"
"238"," مجموعة الملابس وملبوسات القدم","Clothing and Footwear group","2.05","2016","يوليو","July","106.40"
"438"," مجموعة الاتصالات","Communication group","5.22","2017","أكتوبر","October","100.16"
"638","الرقم القياسي لأسعار المستهلك ","General index number","100.00","2019","فبراير","February","107.08"
"39"," مجموعة السلع والخدمات المتنوعة","Miscellaneous Goods and Services group","5.63","2015","مارس","March","101.34"
"239","مجموعة السكن والمياه والكهرباء والغاز والوقود","Housing/water/electricity/gas/other fuels group","43.62","2016","يوليو","July","111.13"
"439"," مجموعة الترفيه والثقافه","Recreation and Culture group","2.33","2017","أكتوبر","October","88.94"
"639"," مجموعة الطعام والمشروبات","Food and beverages group","13.09","2019","فبراير","February","104.80"
"40","الرقم القياسي لأسعار المستهلك ","General index number","100.00","2015","إبريل","April","102.13"
"240","مجموعة الاثاث والتأثيث والأدوات المنزلية وإصلاحها","Furnishings/household equipment/routine household maintenance group","3.76","2016","يوليو","July","109.78"
"440"," مجموعة التعليم","Education group","8.48","2017","أكتوبر","October","116.98"
"640"," مجموعة التبغ","Tobacco group","0.35","2019","فبراير","February","177.23"
"41"," مجموعة الطعام والمشروبات","Food and beverages group","13.09","2015","إبريل","April","98.02"
"241"," مجموعة الصحة","Health group","0.85","2016","يوليو","July","103.73"
"441"," مجموعة المطاعم والفنادق","Restaurants and hotels group","4.00","2017","أكتوبر","October","108.53"
"641"," مجموعة الملابس وملبوسات القدم","Clothing and Footwear group","2.05","2019","فبراير","February","103.78"
"42"," مجموعة التبغ","Tobacco group","0.35","2015","إبريل","April","103.85"
"242"," مجموعة النقل","Transport group","10.62","2016","يوليو","July","102.80"
"442"," مجموعة السلع والخدمات المتنوعة","Miscellaneous Goods and Services group","5.63","2017","أكتوبر","October","114.20"
"642","مجموعة السكن والمياه والكهرباء والغاز والوقود","Housing/water/electricity/gas/other fuels group","43.62","2019","فبراير","February","104.25"
"43"," مجموعة الملابس وملبوسات القدم","Clothing and Footwear group","2.05","2015","إبريل","April","106.96"
"243"," مجموعة الاتصالات","Communication group","5.22","2016","يوليو","July","100.53"
"443","الرقم القياسي لأسعار المستهلك ","General index number","100.00","2017","نوفمبر","November","108.89"
"643","مجموعة الاثاث والتأثيث والأدوات المنزلية وإصلاحها","Furnishings/household equipment/routine household maintenance group","3.76","2019","فبراير","February","113.29"
"44","مجموعة السكن والمياه والكهرباء والغاز والوقود","Housing/water/electricity/gas/other fuels group","43.62","2015","إبريل","April","104.83"
"244"," مجموعة الترفيه والثقافه","Recreation and Culture group","2.33","2016","يوليو","July","104.35"
"444"," مجموعة الطعام والمشروبات","Food and beverages group","13.09","2017","نوفمبر","November","103.58"
"644"," مجموعة الصحة","Health group","0.85","2019","فبراير","February","102.51"
"45","مجموعة الاثاث والتأثيث والأدوات المنزلية وإصلاحها","Furnishings/household equipment/routine household maintenance group","3.76","2015","إبريل","April","100.83"
"245"," مجموعة التعليم","Education group","8.48","2016","يوليو","July","108.81"
"445"," مجموعة التبغ","Tobacco group","0.35","2017","نوفمبر","November","157.77"
"645"," مجموعة النقل","Transport group","10.62","2019","فبراير","February","104.56"
"46"," مجموعة الصحة","Health group","0.85","2015","إبريل","April","101.30"
"246"," مجموعة المطاعم والفنادق","Restaurants and hotels group","4.00","2016","يوليو","July","103.67"
"446"," مجموعة الملابس وملبوسات القدم","Clothing and Footwear group","2.05","2017","نوفمبر","November","110.96"
"646"," مجموعة الاتصالات","Communication group","5.22","2019","فبراير","February","105.37"
"47"," مجموعة النقل","Transport group","10.62","2015","إبريل","April","97.07"
"247"," مجموعة السلع والخدمات المتنوعة","Miscellaneous Goods and Services group","5.63","2016","يوليو","July","105.08"
"447","مجموعة السكن والمياه والكهرباء والغاز والوقود","Housing/water/electricity/gas/other fuels group","43.62","2017","نوفمبر","November","111.20"
"647"," مجموعة الترفيه والثقافه","Recreation and Culture group","2.33","2019","فبراير","February","89.45"
"48"," مجموعة الاتصالات","Communication group","5.22","2015","إبريل","April","100.89"
"248","الرقم القياسي لأسعار المستهلك ","General index number","100.00","2016","أغسطس","August","107.80"
"448","مجموعة الاثاث والتأثيث والأدوات المنزلية وإصلاحها","Furnishings/household equipment/routine household maintenance group","3.76","2017","نوفمبر","November","109.05"
"648"," مجموعة التعليم","Education group","8.48","2019","فبراير","February","118.19"
"49"," مجموعة الترفيه والثقافه","Recreation and Culture group","2.33","2015","إبريل","April","99.51"
"249"," مجموعة الطعام والمشروبات","Food and beverages group","13.09","2016","أغسطس","August","104.17"
"449"," مجموعة الصحة","Health group","0.85","2017","نوفمبر","November","102.57"
"649"," مجموعة المطاعم والفنادق","Restaurants and hotels group","4.00","2019","فبراير","February","120.60"
"50"," مجموعة التعليم","Education group","8.48","2015","إبريل","April","101.89"
"250"," مجموعة التبغ","Tobacco group","0.35","2016","أغسطس","August","104.56"
"450"," مجموعة النقل","Transport group","10.62","2017","نوفمبر","November","103.49"
"650"," مجموعة السلع والخدمات المتنوعة","Miscellaneous Goods and Services group","5.63","2019","فبراير","February","115.00"
"51"," مجموعة المطاعم والفنادق","Restaurants and hotels group","4.00","2015","إبريل","April","101.35"
"251"," مجموعة الملابس وملبوسات القدم","Clothing and Footwear group","2.05","2016","أغسطس","August","108.16"
"451"," مجموعة الاتصالات","Communication group","5.22","2017","نوفمبر","November","100.16"
"52"," مجموعة السلع والخدمات المتنوعة","Miscellaneous Goods and Services group","5.63","2015","إبريل","April","102.56"
"252","مجموعة السكن والمياه والكهرباء والغاز والوقود","Housing/water/electricity/gas/other fuels group","43.62","2016","أغسطس","August","111.38"
"452"," مجموعة الترفيه والثقافه","Recreation and Culture group","2.33","2017","نوفمبر","November","88.98"
"53","الرقم القياسي لأسعار المستهلك ","General index number","100.00","2015","مايو","May","102.66"
"253","مجموعة الاثاث والتأثيث والأدوات المنزلية وإصلاحها","Furnishings/household equipment/routine household maintenance group","3.76","2016","أغسطس","August","109.74"
"453"," مجموعة التعليم","Education group","8.48","2017","نوفمبر","November","116.98"
"54"," مجموعة الطعام والمشروبات","Food and beverages group","13.09","2015","مايو","May","99.90"
"254"," مجموعة الصحة","Health group","0.85","2016","أغسطس","August","103.72"
"454"," مجموعة المطاعم والفنادق","Restaurants and hotels group","4.00","2017","نوفمبر","November","108.61"
"55"," مجموعة التبغ","Tobacco group","0.35","2015","مايو","May","103.85"
"255"," مجموعة النقل","Transport group","10.62","2016","أغسطس","August","102.83"
"455"," مجموعة السلع والخدمات المتنوعة","Miscellaneous Goods and Services group","5.63","2017","نوفمبر","November","114.86"
"56"," مجموعة الملابس وملبوسات القدم","Clothing and Footwear group","2.05","2015","مايو","May","106.96"
"256"," مجموعة الاتصالات","Communication group","5.22","2016","أغسطس","August","100.50"
"456","الرقم القياسي لأسعار المستهلك ","General index number","100.00","2017","ديسمبر","December","109.36"
"57","مجموعة السكن والمياه والكهرباء والغاز والوقود","Housing/water/electricity/gas/other fuels group","43.62","2015","مايو","May","105.37"
"257"," مجموعة الترفيه والثقافه","Recreation and Culture group","2.33","2016","أغسطس","August","104.27"
"457"," مجموعة الطعام والمشروبات","Food and beverages group","13.09","2017","ديسمبر","December","103.00"
"58","مجموعة الاثاث والتأثيث والأدوات المنزلية وإصلاحها","Furnishings/household equipment/routine household maintenance group","3.76","2015","مايو","May","100.79"
"258"," مجموعة التعليم","Education group","8.48","2016","أغسطس","August","108.81"
"458"," مجموعة التبغ","Tobacco group","0.35","2017","ديسمبر","December","158.06"
"59"," مجموعة الصحة","Health group","0.85","2015","مايو","May","101.30"
"259"," مجموعة المطاعم والفنادق","Restaurants and hotels group","4.00","2016","أغسطس","August","103.70"
"459"," مجموعة الملابس وملبوسات القدم","Clothing and Footwear group","2.05","2017","ديسمبر","December","112.61"
"60"," مجموعة النقل","Transport group","10.62","2015","مايو","May","97.67"
"260"," مجموعة السلع والخدمات المتنوعة","Miscellaneous Goods and Services group","5.63","2016","أغسطس","August","106.90"
"460","مجموعة السكن والمياه والكهرباء والغاز والوقود","Housing/water/electricity/gas/other fuels group","43.62","2017","ديسمبر","December","110.90"
"61"," مجموعة الاتصالات","Communication group","5.22","2015","مايو","May","100.89"
"261","الرقم القياسي لأسعار المستهلك ","General index number","100.00","2016","سبتمبر","September","107.92"
"461","مجموعة الاثاث والتأثيث والأدوات المنزلية وإصلاحها","Furnishings/household equipment/routine household maintenance group","3.76","2017","ديسمبر","December","109.18"
"62"," مجموعة الترفيه والثقافه","Recreation and Culture group","2.33","2015","مايو","May","99.51"
"262"," مجموعة الطعام والمشروبات","Food and beverages group","13.09","2016","سبتمبر","September","103.71"
"462"," مجموعة الصحة","Health group","0.85","2017","ديسمبر","December","102.51"
"63"," مجموعة التعليم","Education group","8.48","2015","مايو","May","101.89"
"263"," مجموعة التبغ","Tobacco group","0.35","2016","سبتمبر","September","104.56"
"463"," مجموعة النقل","Transport group","10.62","2017","ديسمبر","December","109.27"
"64"," مجموعة المطاعم والفنادق","Restaurants and hotels group","4.00","2015","مايو","May","100.99"
"264"," مجموعة الملابس وملبوسات القدم","Clothing and Footwear group","2.05","2016","سبتمبر","September","108.16"
"464"," مجموعة الاتصالات","Communication group","5.22","2017","ديسمبر","December","100.11"
"65"," مجموعة السلع والخدمات المتنوعة","Miscellaneous Goods and Services group","5.63","2015","مايو","May","102.57"
"265","مجموعة السكن والمياه والكهرباء والغاز والوقود","Housing/water/electricity/gas/other fuels group","43.62","2016","سبتمبر","September","111.57"
"465"," مجموعة الترفيه والثقافه","Recreation and Culture group","2.33","2017","ديسمبر","December","88.67"
"66","الرقم القياسي لأسعار المستهلك ","General index number","100.00","2015","يونيو","June","103.24"
"266","مجموعة الاثاث والتأثيث والأدوات المنزلية وإصلاحها","Furnishings/household equipment/routine household maintenance group","3.76","2016","سبتمبر","September","109.69"
"466"," مجموعة التعليم","Education group","8.48","2017","ديسمبر","December","116.98"
"67"," مجموعة الطعام والمشروبات","Food and beverages group","13.09","2015","يونيو","June","101.36"
"267"," مجموعة الصحة","Health group","0.85","2016","سبتمبر","September","103.71"
"467"," مجموعة المطاعم والفنادق","Restaurants and hotels group","4.00","2017","ديسمبر","December","109.39"
"68"," مجموعة التبغ","Tobacco group","0.35","2015","يونيو","June","103.85"
"268"," مجموعة النقل","Transport group","10.62","2016","سبتمبر","September","99.94"
"468"," مجموعة السلع والخدمات المتنوعة","Miscellaneous Goods and Services group","5.63","2017","ديسمبر","December","114.97"
"69"," مجموعة الملابس وملبوسات القدم","Clothing and Footwear group","2.05","2015","يونيو","June","103.64"
"269"," مجموعة الاتصالات","Communication group","5.22","2016","سبتمبر","September","100.41"
"469","الرقم القياسي لأسعار المستهلك ","General index number","100.00","2018","يناير","January","111.59"
"70","مجموعة السكن والمياه والكهرباء والغاز والوقود","Housing/water/electricity/gas/other fuels group","43.62","2015","يونيو","June","105.91"
"270"," مجموعة الترفيه والثقافه","Recreation and Culture group","2.33","2016","سبتمبر","September","104.40"
"470"," مجموعة الطعام والمشروبات","Food and beverages group","13.09","2018","يناير","January","106.52"
"71","مجموعة الاثاث والتأثيث والأدوات المنزلية وإصلاحها","Furnishings/household equipment/routine household maintenance group","3.76","2015","يونيو","June","100.76"
"271"," مجموعة التعليم","Education group","8.48","2016","سبتمبر","September","113.67"
"471"," مجموعة التبغ","Tobacco group","0.35","2018","يناير","January","172.38"
"72"," مجموعة الصحة","Health group","0.85","2015","يونيو","June","101.30"
"272"," مجموعة المطاعم والفنادق","Restaurants and hotels group","4.00","2016","سبتمبر","September","104.07"
"472"," مجموعة الملابس وملبوسات القدم","Clothing and Footwear group","2.05","2018","يناير","January","115.98"
"73"," مجموعة النقل","Transport group","10.62","2015","يونيو","June","99.90"
"273"," مجموعة السلع والخدمات المتنوعة","Miscellaneous Goods and Services group","5.63","2016","سبتمبر","September","106.64"
"473","مجموعة السكن والمياه والكهرباء والغاز والوقود","Housing/water/electricity/gas/other fuels group","43.62","2018","يناير","January","111.39"
"74"," مجموعة الاتصالات","Communication group","5.22","2015","يونيو","June","100.89"
"274","الرقم القياسي لأسعار المستهلك ","General index number","100.00","2016","أكتوبر","October","107.75"
"474","مجموعة الاثاث والتأثيث والأدوات المنزلية وإصلاحها","Furnishings/household equipment/routine household maintenance group","3.76","2018","يناير","January","110.24"
"75"," مجموعة الترفيه والثقافه","Recreation and Culture group","2.33","2015","يونيو","June","99.44"
"275"," مجموعة الطعام والمشروبات","Food and beverages group","13.09","2016","أكتوبر","October","103.09"
"475"," مجموعة الصحة","Health group","0.85","2018","يناير","January","102.74"
"76"," مجموعة التعليم","Education group","8.48","2015","يونيو","June","101.89"
"276"," مجموعة التبغ","Tobacco group","0.35","2016","أكتوبر","October","104.56"
"476"," مجموعة النقل","Transport group","10.62","2018","يناير","January","112.25"
"77"," مجموعة المطاعم والفنادق","Restaurants and hotels group","4.00","2015","يونيو","June","100.56"
"277"," مجموعة الملابس وملبوسات القدم","Clothing and Footwear group","2.05","2016","أكتوبر","October","108.16"
"477"," مجموعة الاتصالات","Communication group","5.22","2018","يناير","January","105.72"
"78"," مجموعة السلع والخدمات المتنوعة","Miscellaneous Goods and Services group","5.63","2015","يونيو","June","102.57"
"278","مجموعة السكن والمياه والكهرباء والغاز والوقود","Housing/water/electricity/gas/other fuels group","43.62","2016","أكتوبر","October","111.73"
"478"," مجموعة الترفيه والثقافه","Recreation and Culture group","2.33","2018","يناير","January","93.22"
"79","الرقم القياسي لأسعار المستهلك ","General index number","100.00","2015","يوليو","July","104.20"
"279","مجموعة الاثاث والتأثيث والأدوات المنزلية وإصلاحها","Furnishings/household equipment/routine household maintenance group","3.76","2016","أكتوبر","October","109.40"
"479"," مجموعة التعليم","Education group","8.48","2018","يناير","January","118.16"
"80"," مجموعة الطعام والمشروبات","Food and beverages group","13.09","2015","يوليو","July","103.62"
"280"," مجموعة الصحة","Health group","0.85","2016","أكتوبر","October","101.57"
"480"," مجموعة المطاعم والفنادق","Restaurants and hotels group","4.00","2018","يناير","January","117.80"
"81"," مجموعة التبغ","Tobacco group","0.35","2015","يوليو","July","104.40"
"281"," مجموعة النقل","Transport group","10.62","2016","أكتوبر","October","98.74"
"481"," مجموعة السلع والخدمات المتنوعة","Miscellaneous Goods and Services group","5.63","2018","يناير","January","119.30"
"82"," مجموعة الملابس وملبوسات القدم","Clothing and Footwear group","2.05","2015","يوليو","July","103.64"
"282"," مجموعة الاتصالات","Communication group","5.22","2016","أكتوبر","October","100.39"
"482","الرقم القياسي لأسعار المستهلك ","General index number","100.00","2018","فبراير","February","111.43"
"83","مجموعة السكن والمياه والكهرباء والغاز والوقود","Housing/water/electricity/gas/other fuels group","43.62","2015","يوليو","July","106.44"
"283"," مجموعة الترفيه والثقافه","Recreation and Culture group","2.33","2016","أكتوبر","October","104.40"
"483"," مجموعة الطعام والمشروبات","Food and beverages group","13.09","2018","فبراير","February","105.84"
"84","مجموعة الاثاث والتأثيث والأدوات المنزلية وإصلاحها","Furnishings/household equipment/routine household maintenance group","3.76","2015","يوليو","July","110.10"
"284"," مجموعة التعليم","Education group","8.48","2016","أكتوبر","October","113.67"
"484"," مجموعة التبغ","Tobacco group","0.35","2018","فبراير","February","172.38"
"85"," مجموعة الصحة","Health group","0.85","2015","يوليو","July","102.06"
"285"," مجموعة المطاعم والفنادق","Restaurants and hotels group","4.00","2016","أكتوبر","October","104.18"
"485"," مجموعة الملابس وملبوسات القدم","Clothing and Footwear group","2.05","2018","فبراير","February","114.86"
"86"," مجموعة النقل","Transport group","10.62","2015","يوليو","July","99.62"
"286"," مجموعة السلع والخدمات المتنوعة","Miscellaneous Goods and Services group","5.63","2016","أكتوبر","October","106.52"
"486","مجموعة السكن والمياه والكهرباء والغاز والوقود","Housing/water/electricity/gas/other fuels group","43.62","2018","فبراير","February","111.01"
"87"," مجموعة الاتصالات","Communication group","5.22","2015","يوليو","July","100.53"
"287","الرقم القياسي لأسعار المستهلك ","General index number","100.00","2016","نوفمبر","November","107.85"
"487","مجموعة الاثاث والتأثيث والأدوات المنزلية وإصلاحها","Furnishings/household equipment/routine household maintenance group","3.76","2018","فبراير","February","112.13"
"88"," مجموعة الترفيه والثقافه","Recreation and Culture group","2.33","2015","يوليو","July","101.13"
"288"," مجموعة الطعام والمشروبات","Food and beverages group","13.09","2016","نوفمبر","November","103.72"
"488"," مجموعة الصحة","Health group","0.85","2018","فبراير","February","102.75"
"89"," مجموعة التعليم","Education group","8.48","2015","يوليو","July","101.89"
"289"," مجموعة التبغ","Tobacco group","0.35","2016","نوفمبر","November","104.58"
"489"," مجموعة النقل","Transport group","10.62","2018","فبراير","February","112.75"
"90"," مجموعة المطاعم والفنادق","Restaurants and hotels group","4.00","2015","يوليو","July","102.22"
"290"," مجموعة الملابس وملبوسات القدم","Clothing and Footwear group","2.05","2016","نوفمبر","November","108.13"
"490"," مجموعة الاتصالات","Communication group","5.22","2018","فبراير","February","105.80"
"91"," مجموعة السلع والخدمات المتنوعة","Miscellaneous Goods and Services group","5.63","2015","يوليو","July","103.03"
"291","مجموعة السكن والمياه والكهرباء والغاز والوقود","Housing/water/electricity/gas/other fuels group","43.62","2016","نوفمبر","November","111.82"
"491"," مجموعة الترفيه والثقافه","Recreation and Culture group","2.33","2018","فبراير","February","91.93"
"92","الرقم القياسي لأسعار المستهلك ","General index number","100.00","2015","أغسطس","August","105.71"
"292","مجموعة الاثاث والتأثيث والأدوات المنزلية وإصلاحها","Furnishings/household equipment/routine household maintenance group","3.76","2016","نوفمبر","November","109.36"
"492"," مجموعة التعليم","Education group","8.48","2018","فبراير","February","118.16"
"93"," مجموعة الطعام والمشروبات","Food and beverages group","13.09","2015","أغسطس","August","101.40"
"293"," مجموعة الصحة","Health group","0.85","2016","نوفمبر","November","101.58"
"493"," مجموعة المطاعم والفنادق","Restaurants and hotels group","4.00","2018","فبراير","February","117.82"
"94"," مجموعة التبغ","Tobacco group","0.35","2015","أغسطس","August","104.40"
"294"," مجموعة النقل","Transport group","10.62","2016","نوفمبر","November","99.16"
"494"," مجموعة السلع والخدمات المتنوعة","Miscellaneous Goods and Services group","5.63","2018","فبراير","February","119.63"
"95"," مجموعة الملابس وملبوسات القدم","Clothing and Footwear group","2.05","2015","أغسطس","August","103.64"
"295"," مجموعة الاتصالات","Communication group","5.22","2016","نوفمبر","November","100.22"
"495","الرقم القياسي لأسعار المستهلك ","General index number","100.00","2018","مارس","March","111.06"
"96","مجموعة السكن والمياه والكهرباء والغاز والوقود","Housing/water/electricity/gas/other fuels group","43.62","2015","أغسطس","August","106.99"
"296"," مجموعة الترفيه والثقافه","Recreation and Culture group","2.33","2016","نوفمبر","November","104.19"
"496"," مجموعة الطعام والمشروبات","Food and beverages group","13.09","2018","مارس","March","105.51"
"97","مجموعة الاثاث والتأثيث والأدوات المنزلية وإصلاحها","Furnishings/household equipment/routine household maintenance group","3.76","2015","أغسطس","August","110.37"
"297"," مجموعة التعليم","Education group","8.48","2016","نوفمبر","November","113.67"
"497"," مجموعة التبغ","Tobacco group","0.35","2018","مارس","March","172.38"
"98"," مجموعة الصحة","Health group","0.85","2015","أغسطس","August","102.06"
"298"," مجموعة المطاعم والفنادق","Restaurants and hotels group","4.00","2016","نوفمبر","November","103.96"
"498"," مجموعة الملابس وملبوسات القدم","Clothing and Footwear group","2.05","2018","مارس","March","115.84"
"99"," مجموعة النقل","Transport group","10.62","2015","أغسطس","August","113.97"
"299"," مجموعة السلع والخدمات المتنوعة","Miscellaneous Goods and Services group","5.63","2016","نوفمبر","November","105.70"
"499","مجموعة السكن والمياه والكهرباء والغاز والوقود","Housing/water/electricity/gas/other fuels group","43.62","2018","مارس","March","110.55"
"100"," مجموعة الاتصالات","Communication group","5.22","2015","أغسطس","August","100.53"
"300","الرقم القياسي لأسعار المستهلك ","General index number","100.00","2016","ديسمبر","December","107.79"
"500","مجموعة الاثاث والتأثيث والأدوات المنزلية وإصلاحها","Furnishings/household equipment/routine household maintenance group","3.76","2018","مارس","March","112.26"
"101"," مجموعة الترفيه والثقافه","Recreation and Culture group","2.33","2015","أغسطس","August","101.04"
"301"," مجموعة الطعام والمشروبات","Food and beverages group","13.09","2016","ديسمبر","December","101.41"
"501"," مجموعة الصحة","Health group","0.85","2018","مارس","March","102.73"
"102"," مجموعة التعليم","Education group","8.48","2015","أغسطس","August","101.89"
"302"," مجموعة التبغ","Tobacco group","0.35","2016","ديسمبر","December","104.58"
"502"," مجموعة النقل","Transport group","10.62","2018","مارس","March","111.93"
"103"," مجموعة المطاعم والفنادق","Restaurants and hotels group","4.00","2015","أغسطس","August","102.57"
"303"," مجموعة الملابس وملبوسات القدم","Clothing and Footwear group","2.05","2016","ديسمبر","December","107.72"
"503"," مجموعة الاتصالات","Communication group","5.22","2018","مارس","March","105.78"
"104"," مجموعة السلع والخدمات المتنوعة","Miscellaneous Goods and Services group","5.63","2015","أغسطس","August","103.29"
"304","مجموعة السكن والمياه والكهرباء والغاز والوقود","Housing/water/electricity/gas/other fuels group","43.62","2016","ديسمبر","December","111.84"
"504"," مجموعة الترفيه والثقافه","Recreation and Culture group","2.33","2018","مارس","March","91.17"
"105","الرقم القياسي لأسعار المستهلك ","General index number","100.00","2015","سبتمبر","September","105.84"
"305","مجموعة الاثاث والتأثيث والأدوات المنزلية وإصلاحها","Furnishings/household equipment/routine household maintenance group","3.76","2016","ديسمبر","December","109.58"
"505"," مجموعة التعليم","Education group","8.48","2018","مارس","March","118.16"
"106"," مجموعة الطعام والمشروبات","Food and beverages group","13.09","2015","سبتمبر","September","102.70"
"306"," مجموعة الصحة","Health group","0.85","2016","ديسمبر","December","101.60"
"506"," مجموعة المطاعم والفنادق","Restaurants and hotels group","4.00","2018","مارس","March","117.70"
"107"," مجموعة التبغ","Tobacco group","0.35","2015","سبتمبر","September","104.40"
"307"," مجموعة النقل","Transport group","10.62","2016","ديسمبر","December","100.53"
"507"," مجموعة السلع والخدمات المتنوعة","Miscellaneous Goods and Services group","5.63","2018","مارس","March","118.81"
"108"," مجموعة الملابس وملبوسات القدم","Clothing and Footwear group","2.05","2015","سبتمبر","September","104.67"
"308"," مجموعة الاتصالات","Communication group","5.22","2016","ديسمبر","December","100.21"
"508","الرقم القياسي لأسعار المستهلك ","General index number","100.00","2018","إبريل","April","110.71"
"109","مجموعة السكن والمياه والكهرباء والغاز والوقود","Housing/water/electricity/gas/other fuels group","43.62","2015","سبتمبر","September","107.48"
"309"," مجموعة الترفيه والثقافه","Recreation and Culture group","2.33","2016","ديسمبر","December","104.11"
"509"," مجموعة الطعام والمشروبات","Food and beverages group","13.09","2018","إبريل","April","105.20"
"110","مجموعة الاثاث والتأثيث والأدوات المنزلية وإصلاحها","Furnishings/household equipment/routine household maintenance group","3.76","2015","سبتمبر","September","110.02"
"310"," مجموعة التعليم","Education group","8.48","2016","ديسمبر","December","113.67"
"510"," مجموعة التبغ","Tobacco group","0.35","2018","إبريل","April","172.30"
"111"," مجموعة الصحة","Health group","0.85","2015","سبتمبر","September","102.08"
"311"," مجموعة المطاعم والفنادق","Restaurants and hotels group","4.00","2016","ديسمبر","December","104.47"
"511"," مجموعة الملابس وملبوسات القدم","Clothing and Footwear group","2.05","2018","إبريل","April","115.20"
"112"," مجموعة النقل","Transport group","10.62","2015","سبتمبر","September","107.79"
"312"," مجموعة السلع والخدمات المتنوعة","Miscellaneous Goods and Services group","5.63","2016","ديسمبر","December","106.93"
"512","مجموعة السكن والمياه والكهرباء والغاز والوقود","Housing/water/electricity/gas/other fuels group","43.62","2018","إبريل","April","110.09"
"113"," مجموعة الاتصالات","Communication group","5.22","2015","سبتمبر","September","100.53"
"313","الرقم القياسي لأسعار المستهلك ","General index number","100.00","2017","يناير","January","108.67"
"513","مجموعة الاثاث والتأثيث والأدوات المنزلية وإصلاحها","Furnishings/household equipment/routine household maintenance group","3.76","2018","إبريل","April","112.11"
"114"," مجموعة الترفيه والثقافه","Recreation and Culture group","2.33","2015","سبتمبر","September","101.46"
"314"," مجموعة الطعام والمشروبات","Food and beverages group","13.09","2017","يناير","January","100.52"
"514"," مجموعة الصحة","Health group","0.85","2018","إبريل","April","102.74"
"115"," مجموعة التعليم","Education group","8.48","2015","سبتمبر","September","106.07"
"315"," مجموعة التبغ","Tobacco group","0.35","2017","يناير","January","98.71"
"515"," مجموعة النقل","Transport group","10.62","2018","إبريل","April","110.70"
"116"," مجموعة المطاعم والفنادق","Restaurants and hotels group","4.00","2015","سبتمبر","September","103.12"
"316"," مجموعة الملابس وملبوسات القدم","Clothing and Footwear group","2.05","2017","يناير","January","107.75"
"516"," مجموعة الاتصالات","Communication group","5.22","2018","إبريل","April","105.67"
"117"," مجموعة السلع والخدمات المتنوعة","Miscellaneous Goods and Services group","5.63","2015","سبتمبر","September","103.40"
"317","مجموعة السكن والمياه والكهرباء والغاز والوقود","Housing/water/electricity/gas/other fuels group","43.62","2017","يناير","January","112.14"
"517"," مجموعة الترفيه والثقافه","Recreation and Culture group","2.33","2018","إبريل","April","92.40"
"118","الرقم القياسي لأسعار المستهلك ","General index number","100.00","2015","أكتوبر","October","105.17"
"318","مجموعة الاثاث والتأثيث والأدوات المنزلية وإصلاحها","Furnishings/household equipment/routine household maintenance group","3.76","2017","يناير","January","109.62"
"518"," مجموعة التعليم","Education group","8.48","2018","إبريل","April","118.16"
"119"," مجموعة الطعام والمشروبات","Food and beverages group","13.09","2015","أكتوبر","October","102.64"
"319"," مجموعة الصحة","Health group","0.85","2017","يناير","January","102.14"
"519"," مجموعة المطاعم والفنادق","Restaurants and hotels group","4.00","2018","إبريل","April","117.58"
"120"," مجموعة التبغ","Tobacco group","0.35","2015","أكتوبر","October","104.40"
"320"," مجموعة النقل","Transport group","10.62","2017","يناير","January","101.38"
"520"," مجموعة السلع والخدمات المتنوعة","Miscellaneous Goods and Services group","5.63","2018","إبريل","April","119.24"
"121"," مجموعة الملابس وملبوسات القدم","Clothing and Footwear group","2.05","2015","أكتوبر","October","104.67"
"321"," مجموعة الاتصالات","Communication group","5.22","2017","يناير","January","100.24"
"521","الرقم القياسي لأسعار المستهلك ","General index number","100.00","2018","مايو","May","110.71"
"122","مجموعة السكن والمياه والكهرباء والغاز والوقود","Housing/water/electricity/gas/other fuels group","43.62","2015","أكتوبر","October","107.90"
"322"," مجموعة الترفيه والثقافه","Recreation and Culture group","2.33","2017","يناير","January","103.95"
"522"," مجموعة الطعام والمشروبات","Food and beverages group","13.09","2018","مايو","May","105.18"
"123","مجموعة الاثاث والتأثيث والأدوات المنزلية وإصلاحها","Furnishings/household equipment/routine household maintenance group","3.76","2015","أكتوبر","October","110.01"
"323"," مجموعة التعليم","Education group","8.48","2017","يناير","January","113.67"
"523"," مجموعة التبغ","Tobacco group","0.35","2018","مايو","May","172.30"
"124"," مجموعة الصحة","Health group","0.85","2015","أكتوبر","October","102.08"
"324"," مجموعة المطاعم والفنادق","Restaurants and hotels group","4.00","2017","يناير","January","104.34"
"524"," مجموعة الملابس وملبوسات القدم","Clothing and Footwear group","2.05","2018","مايو","May","115.20"
"125"," مجموعة النقل","Transport group","10.62","2015","أكتوبر","October","99.61"
"325"," مجموعة السلع والخدمات المتنوعة","Miscellaneous Goods and Services group","5.63","2017","يناير","January","120.98"
"525","مجموعة السكن والمياه والكهرباء والغاز والوقود","Housing/water/electricity/gas/other fuels group","43.62","2018","مايو","May","109.62"
"126"," مجموعة الاتصالات","Communication group","5.22","2015","أكتوبر","October","100.53"
"326","الرقم القياسي لأسعار المستهلك ","General index number","100.00","2017","فبراير","February","108.89"
"526","مجموعة الاثاث والتأثيث والأدوات المنزلية وإصلاحها","Furnishings/household equipment/routine household maintenance group","3.76","2018","مايو","May","112.12"
"127"," مجموعة الترفيه والثقافه","Recreation and Culture group","2.33","2015","أكتوبر","October","101.57"
"327"," مجموعة الطعام والمشروبات","Food and beverages group","13.09","2017","فبراير","February","100.77"
"527"," مجموعة الصحة","Health group","0.85","2018","مايو","May","102.74"
"128"," مجموعة التعليم","Education group","8.48","2015","أكتوبر","October","106.07"
"328"," مجموعة التبغ","Tobacco group","0.35","2017","فبراير","February","98.71"
"528"," مجموعة النقل","Transport group","10.62","2018","مايو","May","113.28"
"129"," مجموعة المطاعم والفنادق","Restaurants and hotels group","4.00","2015","أكتوبر","October","103.45"
"329"," مجموعة الملابس وملبوسات القدم","Clothing and Footwear group","2.05","2017","فبراير","February","107.75"
"529"," مجموعة الاتصالات","Communication group","5.22","2018","مايو","May","105.50"
"130"," مجموعة السلع والخدمات المتنوعة","Miscellaneous Goods and Services group","5.63","2015","أكتوبر","October","103.58"
"330","مجموعة السكن والمياه والكهرباء والغاز والوقود","Housing/water/electricity/gas/other fuels group","43.62","2017","فبراير","February","112.16"
"530"," مجموعة الترفيه والثقافه","Recreation and Culture group","2.33","2018","مايو","May","92.69"
"131","الرقم القياسي لأسعار المستهلك ","General index number","100.00","2015","نوفمبر","November","105.02"
"331","مجموعة الاثاث والتأثيث والأدوات المنزلية وإصلاحها","Furnishings/household equipment/routine household maintenance group","3.76","2017","فبراير","February","109.13"
"531"," مجموعة التعليم","Education group","8.48","2018","مايو","May","118.16"
"132"," مجموعة الطعام والمشروبات","Food and beverages group","13.09","2015","نوفمبر","November","101.38"
"332"," مجموعة الصحة","Health group","0.85","2017","فبراير","February","102.14"
"532"," مجموعة المطاعم والفنادق","Restaurants and hotels group","4.00","2018","مايو","May","117.21"
"133"," مجموعة التبغ","Tobacco group","0.35","2015","نوفمبر","November","104.40"
"333"," مجموعة النقل","Transport group","10.62","2017","فبراير","February","103.18"
"533"," مجموعة السلع والخدمات المتنوعة","Miscellaneous Goods and Services group","5.63","2018","مايو","May","118.34"
"134"," مجموعة الملابس وملبوسات القدم","Clothing and Footwear group","2.05","2015","نوفمبر","November","104.67"
"334"," مجموعة الاتصالات","Communication group","5.22","2017","فبراير","February","100.25"
"534","الرقم القياسي لأسعار المستهلك ","General index number","100.00","2018","يونيو","June","110.91"
"135","مجموعة السكن والمياه والكهرباء والغاز والوقود","Housing/water/electricity/gas/other fuels group","43.62","2015","نوفمبر","November","108.32"
"335"," مجموعة الترفيه والثقافه","Recreation and Culture group","2.33","2017","فبراير","February","103.95"
"535"," مجموعة الطعام والمشروبات","Food and beverages group","13.09","2018","يونيو","June","106.33"
"136","مجموعة الاثاث والتأثيث والأدوات المنزلية وإصلاحها","Furnishings/household equipment/routine household maintenance group","3.76","2015","نوفمبر","November","110.17"
"336"," مجموعة التعليم","Education group","8.48","2017","فبراير","February","113.67"
"536"," مجموعة التبغ","Tobacco group","0.35","2018","يونيو","June","172.30"
"137"," مجموعة الصحة","Health group","0.85","2015","نوفمبر","November","102.08"
"337"," مجموعة المطاعم والفنادق","Restaurants and hotels group","4.00","2017","فبراير","February","104.65"
"537"," مجموعة الملابس وملبوسات القدم","Clothing and Footwear group","2.05","2018","يونيو","June","107.15"
"138"," مجموعة النقل","Transport group","10.62","2015","نوفمبر","November","98.00"
"338"," مجموعة السلع والخدمات المتنوعة","Miscellaneous Goods and Services group","5.63","2017","فبراير","February","121.04"
"538","مجموعة السكن والمياه والكهرباء والغاز والوقود","Housing/water/electricity/gas/other fuels group","43.62","2018","يونيو","June","109.15"
"139"," مجموعة الاتصالات","Communication group","5.22","2015","نوفمبر","November","100.53"
"339","الرقم القياسي لأسعار المستهلك ","General index number","100.00","2017","مارس","March","109.10"
"539","مجموعة الاثاث والتأثيث والأدوات المنزلية وإصلاحها","Furnishings/household equipment/routine household maintenance group","3.76","2018","يونيو","June","112.15"
"140"," مجموعة الترفيه والثقافه","Recreation and Culture group","2.33","2015","نوفمبر","November","101.49"
"340"," مجموعة الطعام والمشروبات","Food and beverages group","13.09","2017","مارس","March","100.08"
"540"," مجموعة الصحة","Health group","0.85","2018","يونيو","June","102.75"
"141"," مجموعة التعليم","Education group","8.48","2015","نوفمبر","November","106.07"
"341"," مجموعة التبغ","Tobacco group","0.35","2017","مارس","March","99.52"
"541"," مجموعة النقل","Transport group","10.62","2018","يونيو","June","117.75"
"142"," مجموعة المطاعم والفنادق","Restaurants and hotels group","4.00","2015","نوفمبر","November","103.30"
"342"," مجموعة الملابس وملبوسات القدم","Clothing and Footwear group","2.05","2017","مارس","March","109.11"
"542"," مجموعة الاتصالات","Communication group","5.22","2018","يونيو","June","105.40"
"143"," مجموعة السلع والخدمات المتنوعة","Miscellaneous Goods and Services group","5.63","2015","نوفمبر","November","103.60"
"343","مجموعة السكن والمياه والكهرباء والغاز والوقود","Housing/water/electricity/gas/other fuels group","43.62","2017","مارس","March","112.24"
"543"," مجموعة الترفيه والثقافه","Recreation and Culture group","2.33","2018","يونيو","June","92.04"
"144","الرقم القياسي لأسعار المستهلك ","General index number","100.00","2015","ديسمبر","December","105.43"
"344","مجموعة الاثاث والتأثيث والأدوات المنزلية وإصلاحها","Furnishings/household equipment/routine household maintenance group","3.76","2017","مارس","March","108.98"
"544"," مجموعة التعليم","Education group","8.48","2018","يونيو","June","118.16"
"145"," مجموعة الطعام والمشروبات","Food and beverages group","13.09","2015","ديسمبر","December","101.71"
"345"," مجموعة الصحة","Health group","0.85","2017","مارس","March","102.16"
"545"," مجموعة المطاعم والفنادق","Restaurants and hotels group","4.00","2018","يونيو","June","117.10"
"146"," مجموعة التبغ","Tobacco group","0.35","2015","ديسمبر","December","104.40"
"346"," مجموعة النقل","Transport group","10.62","2017","مارس","March","104.96"
"546"," مجموعة السلع والخدمات المتنوعة","Miscellaneous Goods and Services group","5.63","2018","يونيو","June","117.78"
"147"," مجموعة الملابس وملبوسات القدم","Clothing and Footwear group","2.05","2015","ديسمبر","December","99.75"
"347"," مجموعة الاتصالات","Communication group","5.22","2017","مارس","March","100.21"
"547","الرقم القياسي لأسعار المستهلك ","General index number","100.00","2018","يوليو","July","110.83"
"148","مجموعة السكن والمياه والكهرباء والغاز والوقود","Housing/water/electricity/gas/other fuels group","43.62","2015","ديسمبر","December","108.70"
"348"," مجموعة الترفيه والثقافه","Recreation and Culture group","2.33","2017","مارس","March","104.11"
"548"," مجموعة الطعام والمشروبات","Food and beverages group","13.09","2018","يوليو","July","106.36"
"149","مجموعة الاثاث والتأثيث والأدوات المنزلية وإصلاحها","Furnishings/household equipment/routine household maintenance group","3.76","2015","ديسمبر","December","110.14"
"349"," مجموعة التعليم","Education group","8.48","2017","مارس","March","113.67"
"549"," مجموعة التبغ","Tobacco group","0.35","2018","يوليو","July","177.33"
"150"," مجموعة الصحة","Health group","0.85","2015","ديسمبر","December","102.08"
"350"," مجموعة المطاعم والفنادق","Restaurants and hotels group","4.00","2017","مارس","March","105.88"
"550"," مجموعة الملابس وملبوسات القدم","Clothing and Footwear group","2.05","2018","يوليو","July","107.15"
"151"," مجموعة النقل","Transport group","10.62","2015","ديسمبر","December","100.94"
"351"," مجموعة السلع والخدمات المتنوعة","Miscellaneous Goods and Services group","5.63","2017","مارس","March","120.97"
"551","مجموعة السكن والمياه والكهرباء والغاز والوقود","Housing/water/electricity/gas/other fuels group","43.62","2018","يوليو","July","108.54"
"152"," مجموعة الاتصالات","Communication group","5.22","2015","ديسمبر","December","100.53"
"352","الرقم القياسي لأسعار المستهلك ","General index number","100.00","2017","إبريل","April","108.76"
"552","مجموعة الاثاث والتأثيث والأدوات المنزلية وإصلاحها","Furnishings/household equipment/routine household maintenance group","3.76","2018","يوليو","July","112.79"
"153"," مجموعة الترفيه والثقافه","Recreation and Culture group","2.33","2015","ديسمبر","December","101.44"
"353"," مجموعة الطعام والمشروبات","Food and beverages group","13.09","2017","إبريل","April","100.06"
"553"," مجموعة الصحة","Health group","0.85","2018","يوليو","July","102.33"
"154"," مجموعة التعليم","Education group","8.48","2015","ديسمبر","December","106.07"
"354"," مجموعة التبغ","Tobacco group","0.35","2017","إبريل","April","99.34"
"554"," مجموعة النقل","Transport group","10.62","2018","يوليو","July","118.22"
"155"," مجموعة المطاعم والفنادق","Restaurants and hotels group","4.00","2015","ديسمبر","December","103.40"
"355"," مجموعة الملابس وملبوسات القدم","Clothing and Footwear group","2.05","2017","إبريل","April","109.11"
"555"," مجموعة الاتصالات","Communication group","5.22","2018","يوليو","July","105.44"
"156"," مجموعة السلع والخدمات المتنوعة","Miscellaneous Goods and Services group","5.63","2015","ديسمبر","December","103.50"
"356","مجموعة السكن والمياه والكهرباء والغاز والوقود","Housing/water/electricity/gas/other fuels group","43.62","2017","إبريل","April","112.23"
"556"," مجموعة الترفيه والثقافه","Recreation and Culture group","2.33","2018","يوليو","July","94.36"
"157","الرقم القياسي لأسعار المستهلك ","General index number","100.00","2016","يناير","January","104.85"
"357","مجموعة الاثاث والتأثيث والأدوات المنزلية وإصلاحها","Furnishings/household equipment/routine household maintenance group","3.76","2017","إبريل","April","108.72"
"557"," مجموعة التعليم","Education group","8.48","2018","يوليو","July","118.16"
"158"," مجموعة الطعام والمشروبات","Food and beverages group","13.09","2016","يناير","January","99.64"
"358"," مجموعة الصحة","Health group","0.85","2017","إبريل","April","102.16"
"558"," مجموعة المطاعم والفنادق","Restaurants and hotels group","4.00","2018","يوليو","July","118.10"
"159"," مجموعة التبغ","Tobacco group","0.35","2016","يناير","January","104.42"
"359"," مجموعة النقل","Transport group","10.62","2017","إبريل","April","103.19"
"559"," مجموعة السلع والخدمات المتنوعة","Miscellaneous Goods and Services group","5.63","2018","يوليو","July","117.79"
"160"," مجموعة الملابس وملبوسات القدم","Clothing and Footwear group","2.05","2016","يناير","January","99.75"
"360"," مجموعة الاتصالات","Communication group","5.22","2017","إبريل","April","100.14"
"560","الرقم القياسي لأسعار المستهلك ","General index number","100.00","2018","أغسطس","August","111.06"
"161","مجموعة السكن والمياه والكهرباء والغاز والوقود","Housing/water/electricity/gas/other fuels group","43.62","2016","يناير","January","109.43"
"361"," مجموعة الترفيه والثقافه","Recreation and Culture group","2.33","2017","إبريل","April","104.12"
"561"," مجموعة الطعام والمشروبات","Food and beverages group","13.09","2018","أغسطس","August","106.17"
"162","مجموعة الاثاث والتأثيث والأدوات المنزلية وإصلاحها","Furnishings/household equipment/routine household maintenance group","3.76","2016","يناير","January","110.15"
"362"," مجموعة التعليم","Education group","8.48","2017","إبريل","April","114.47"
"562"," مجموعة التبغ","Tobacco group","0.35","2018","أغسطس","August","177.33"
"163"," مجموعة الصحة","Health group","0.85","2016","يناير","January","101.84"
"363"," مجموعة المطاعم والفنادق","Restaurants and hotels group","4.00","2017","إبريل","April","105.98"
"563"," مجموعة الملابس وملبوسات القدم","Clothing and Footwear group","2.05","2018","أغسطس","August","107.15"
"164"," مجموعة النقل","Transport group","10.62","2016","يناير","January","95.30"
"364"," مجموعة السلع والخدمات المتنوعة","Miscellaneous Goods and Services group","5.63","2017","إبريل","April","117.39"
"564","مجموعة السكن والمياه والكهرباء والغاز والوقود","Housing/water/electricity/gas/other fuels group","43.62","2018","أغسطس","August","107.89"
"165"," مجموعة الاتصالات","Communication group","5.22","2016","يناير","January","100.45"
"365","الرقم القياسي لأسعار المستهلك ","General index number","100.00","2017","مايو","May","108.53"
"565","مجموعة الاثاث والتأثيث والأدوات المنزلية وإصلاحها","Furnishings/household equipment/routine household maintenance group","3.76","2018","أغسطس","August","112.86"
"166"," مجموعة الترفيه والثقافه","Recreation and Culture group","2.33","2016","يناير","January","101.44"
"366"," مجموعة الطعام والمشروبات","Food and beverages group","13.09","2017","مايو","May","101.50"
"566"," مجموعة الصحة","Health group","0.85","2018","أغسطس","August","102.33"
"167"," مجموعة التعليم","Education group","8.48","2016","يناير","January","106.07"
"367"," مجموعة التبغ","Tobacco group","0.35","2017","مايو","May","99.34"
"567"," مجموعة النقل","Transport group","10.62","2018","أغسطس","August","122.92"
"168"," مجموعة المطاعم والفنادق","Restaurants and hotels group","4.00","2016","يناير","January","103.56"
"368"," مجموعة الملابس وملبوسات القدم","Clothing and Footwear group","2.05","2017","مايو","May","109.11"
"568"," مجموعة الاتصالات","Communication group","5.22","2018","أغسطس","August","105.60"
"169"," مجموعة السلع والخدمات المتنوعة","Miscellaneous Goods and Services group","5.63","2016","يناير","January","102.86"
"369","مجموعة السكن والمياه والكهرباء والغاز والوقود","Housing/water/electricity/gas/other fuels group","43.62","2017","مايو","May","112.21"
"569"," مجموعة الترفيه والثقافه","Recreation and Culture group","2.33","2018","أغسطس","August","96.73"
"170","الرقم القياسي لأسعار المستهلك ","General index number","100.00","2016","فبراير","February","104.73"
"370","مجموعة الاثاث والتأثيث والأدوات المنزلية وإصلاحها","Furnishings/household equipment/routine household maintenance group","3.76","2017","مايو","May","108.55"
"570"," مجموعة التعليم","Education group","8.48","2018","أغسطس","August","118.16"
"171"," مجموعة الطعام والمشروبات","Food and beverages group","13.09","2016","فبراير","February","99.34"
"371"," مجموعة الصحة","Health group","0.85","2017","مايو","May","102.16"
"571"," مجموعة المطاعم والفنادق","Restaurants and hotels group","4.00","2018","أغسطس","August","118.14"
"172"," مجموعة التبغ","Tobacco group","0.35","2016","فبراير","February","104.42"
"372"," مجموعة النقل","Transport group","10.62","2017","مايو","May","102.84"
"572"," مجموعة السلع والخدمات المتنوعة","Miscellaneous Goods and Services group","5.63","2018","أغسطس","August","117.31"
"173"," مجموعة الملابس وملبوسات القدم","Clothing and Footwear group","2.05","2016","فبراير","February","99.75"
"373"," مجموعة الاتصالات","Communication group","5.22","2017","مايو","May","100.03"
"573","الرقم القياسي لأسعار المستهلك ","General index number","100.00","2018","سبتمبر","September","110.12"
"174","مجموعة السكن والمياه والكهرباء والغاز والوقود","Housing/water/electricity/gas/other fuels group","43.62","2016","فبراير","February","109.75"
"374"," مجموعة الترفيه والثقافه","Recreation and Culture group","2.33","2017","مايو","May","89.09"
"574"," مجموعة الطعام والمشروبات","Food and beverages group","13.09","2018","سبتمبر","September","106.58"
"175","مجموعة الاثاث والتأثيث والأدوات المنزلية وإصلاحها","Furnishings/household equipment/routine household maintenance group","3.76","2016","فبراير","February","110.14"
"375"," مجموعة التعليم","Education group","8.48","2017","مايو","May","114.47"
"575"," مجموعة التبغ","Tobacco group","0.35","2018","سبتمبر","September","177.33"
"176"," مجموعة الصحة","Health group","0.85","2016","فبراير","February","101.84"
"376"," مجموعة المطاعم والفنادق","Restaurants and hotels group","4.00","2017","مايو","May","105.71"
"576"," مجموعة الملابس وملبوسات القدم","Clothing and Footwear group","2.05","2018","سبتمبر","September","106.16"
"177"," مجموعة النقل","Transport group","10.62","2016","فبراير","February","92.88"
"377"," مجموعة السلع والخدمات المتنوعة","Miscellaneous Goods and Services group","5.63","2017","مايو","May","117.28"
"577","مجموعة السكن والمياه والكهرباء والغاز والوقود","Housing/water/electricity/gas/other fuels group","43.62","2018","سبتمبر","September","107.29"
"178"," مجموعة الاتصالات","Communication group","5.22","2016","فبراير","February","100.45"
"378","الرقم القياسي لأسعار المستهلك ","General index number","100.00","2017","يونيو","June","109.46"
"578","مجموعة الاثاث والتأثيث والأدوات المنزلية وإصلاحها","Furnishings/household equipment/routine household maintenance group","3.76","2018","سبتمبر","September","112.81"
"179"," مجموعة الترفيه والثقافه","Recreation and Culture group","2.33","2016","فبراير","February","101.47"
"379"," مجموعة الطعام والمشروبات","Food and beverages group","13.09","2017","يونيو","June","103.04"
"579"," مجموعة الصحة","Health group","0.85","2018","سبتمبر","September","102.32"
"180"," مجموعة التعليم","Education group","8.48","2016","فبراير","February","106.07"
"380"," مجموعة التبغ","Tobacco group","0.35","2017","يونيو","June","99.34"
"580"," مجموعة النقل","Transport group","10.62","2018","سبتمبر","September","117.71"
"181"," مجموعة المطاعم والفنادق","Restaurants and hotels group","4.00","2016","فبراير","February","103.54"
"381"," مجموعة الملابس وملبوسات القدم","Clothing and Footwear group","2.05","2017","يونيو","June","110.86"
"581"," مجموعة الاتصالات","Communication group","5.22","2018","سبتمبر","September","105.64"
"182"," مجموعة السلع والخدمات المتنوعة","Miscellaneous Goods and Services group","5.63","2016","فبراير","February","103.50"
"382","مجموعة السكن والمياه والكهرباء والغاز والوقود","Housing/water/electricity/gas/other fuels group","43.62","2017","يونيو","June","112.09"
"582"," مجموعة الترفيه والثقافه","Recreation and Culture group","2.33","2018","سبتمبر","September","90.29"
"183","الرقم القياسي لأسعار المستهلك ","General index number","100.00","2016","مارس","March","105.02"
"383","مجموعة الاثاث والتأثيث والأدوات المنزلية وإصلاحها","Furnishings/household equipment/routine household maintenance group","3.76","2017","يونيو","June","108.73"
"583"," مجموعة التعليم","Education group","8.48","2018","سبتمبر","September","118.19"
"184"," مجموعة الطعام والمشروبات","Food and beverages group","13.09","2016","مارس","March","100.18"
"384"," مجموعة الصحة","Health group","0.85","2017","يونيو","June","102.29"
"584"," مجموعة المطاعم والفنادق","Restaurants and hotels group","4.00","2018","سبتمبر","September","118.07"
"185"," مجموعة التبغ","Tobacco group","0.35","2016","مارس","March","104.42"
"385"," مجموعة النقل","Transport group","10.62","2017","يونيو","June","110.18"
"585"," مجموعة السلع والخدمات المتنوعة","Miscellaneous Goods and Services group","5.63","2018","سبتمبر","September","117.13"
"186"," مجموعة الملابس وملبوسات القدم","Clothing and Footwear group","2.05","2016","مارس","March","104.14"
"386"," مجموعة الاتصالات","Communication group","5.22","2017","يونيو","June","99.98"
"586","الرقم القياسي لأسعار المستهلك ","General index number","100.00","2018","أكتوبر","October","109.75"
"187","مجموعة السكن والمياه والكهرباء والغاز والوقود","Housing/water/electricity/gas/other fuels group","43.62","2016","مارس","March","110.10"
"387"," مجموعة الترفيه والثقافه","Recreation and Culture group","2.33","2017","يونيو","June","89.15"
"587"," مجموعة الطعام والمشروبات","Food and beverages group","13.09","2018","أكتوبر","October","107.32"
"188","مجموعة الاثاث والتأثيث والأدوات المنزلية وإصلاحها","Furnishings/household equipment/routine household maintenance group","3.76","2016","مارس","March","110.01"
"388"," مجموعة التعليم","Education group","8.48","2017","يونيو","June","114.47"
"588"," مجموعة التبغ","Tobacco group","0.35","2018","أكتوبر","October","177.33"
"189"," مجموعة الصحة","Health group","0.85","2016","مارس","March","101.84"
"389"," مجموعة المطاعم والفنادق","Restaurants and hotels group","4.00","2017","يونيو","June","105.75"
"589"," مجموعة الملابس وملبوسات القدم","Clothing and Footwear group","2.05","2018","أكتوبر","October","106.16"
"190"," مجموعة النقل","Transport group","10.62","2016","مارس","March","91.53"
"390"," مجموعة السلع والخدمات المتنوعة","Miscellaneous Goods and Services group","5.63","2017","يونيو","June","116.64"
"590","مجموعة السكن والمياه والكهرباء والغاز والوقود","Housing/water/electricity/gas/other fuels group","43.62","2018","أكتوبر","October","106.63"
"191"," مجموعة الاتصالات","Communication group","5.22","2016","مارس","March","100.45"
"391","الرقم القياسي لأسعار المستهلك ","General index number","100.00","2017","يوليو","July","108.42"
"591","مجموعة الاثاث والتأثيث والأدوات المنزلية وإصلاحها","Furnishings/household equipment/routine household maintenance group","3.76","2018","أكتوبر","October","113.45"
"192"," مجموعة الترفيه والثقافه","Recreation and Culture group","2.33","2016","مارس","March","101.46"
"392"," مجموعة الطعام والمشروبات","Food and beverages group","13.09","2017","يوليو","July","102.61"
"592"," مجموعة الصحة","Health group","0.85","2018","أكتوبر","October","102.32"
"193"," مجموعة التعليم","Education group","8.48","2016","مارس","March","106.07"
"393"," مجموعة التبغ","Tobacco group","0.35","2017","يوليو","July","99.34"
"593"," مجموعة النقل","Transport group","10.62","2018","أكتوبر","October","117.06"
"194"," مجموعة المطاعم والفنادق","Restaurants and hotels group","4.00","2016","مارس","March","103.56"
"394"," مجموعة الملابس وملبوسات القدم","Clothing and Footwear group","2.05","2017","يوليو","July","110.86"
"594"," مجموعة الاتصالات","Communication group","5.22","2018","أكتوبر","October","105.48"
"195"," مجموعة السلع والخدمات المتنوعة","Miscellaneous Goods and Services group","5.63","2016","مارس","March","105.00"
"395","مجموعة السكن والمياه والكهرباء والغاز والوقود","Housing/water/electricity/gas/other fuels group","43.62","2017","يوليو","July","112.09"
"595"," مجموعة الترفيه والثقافه","Recreation and Culture group","2.33","2018","أكتوبر","October","91.77"
"196","الرقم القياسي لأسعار المستهلك ","General index number","100.00","2016","إبريل","April","105.75"
"396","مجموعة الاثاث والتأثيث والأدوات المنزلية وإصلاحها","Furnishings/household equipment/routine household maintenance group","3.76","2017","يوليو","July","109.12"
"596"," مجموعة التعليم","Education group","8.48","2018","أكتوبر","October","118.19"
"197"," مجموعة الطعام والمشروبات","Food and beverages group","13.09","2016","إبريل","April","100.95"
"397"," مجموعة الصحة","Health group","0.85","2017","يوليو","July","102.29"
"597"," مجموعة المطاعم والفنادق","Restaurants and hotels group","4.00","2018","أكتوبر","October","118.42"
"198"," مجموعة التبغ","Tobacco group","0.35","2016","إبريل","April","104.42"
"398"," مجموعة النقل","Transport group","10.62","2017","يوليو","July","101.02"
"598"," مجموعة السلع والخدمات المتنوعة","Miscellaneous Goods and Services group","5.63","2018","أكتوبر","October","114.03"
"199"," مجموعة الملابس وملبوسات القدم","Clothing and Footwear group","2.05","2016","إبريل","April","104.14"
"399"," مجموعة الاتصالات","Communication group","5.22","2017","يوليو","July","99.99"
"599","الرقم القياسي لأسعار المستهلك ","General index number","100.00","2018","نوفمبر","November","109.44"
"200","مجموعة السكن والمياه والكهرباء والغاز والوقود","Housing/water/electricity/gas/other fuels group","43.62","2016","إبريل","April","110.38"
"400"," مجموعة الترفيه والثقافه","Recreation and Culture group","2.33","2017","يوليو","July","89.13"
"600"," مجموعة الطعام والمشروبات","Food and beverages group","13.09","2018","نوفمبر","November","107.40"
"1","الرقم القياسي لأسعار المستهلك ","General index number","100.00","2015","يناير","January","101.21"
"201","مجموعة الاثاث والتأثيث والأدوات المنزلية وإصلاحها","Furnishings/household equipment/routine household maintenance group","3.76","2016","إبريل","April","109.88"
"401"," مجموعة التعليم","Education group","8.48","2017","يوليو","July","114.47"
"601"," مجموعة التبغ","Tobacco group","0.35","2018","نوفمبر","November","177.33"
"2"," مجموعة الطعام والمشروبات","Food and beverages group","13.09","2015","يناير","January","97.45"
"202"," مجموعة الصحة","Health group","0.85","2016","إبريل","April","101.84"
"402"," مجموعة المطاعم والفنادق","Restaurants and hotels group","4.00","2017","يوليو","July","105.58"
"602"," مجموعة الملابس وملبوسات القدم","Clothing and Footwear group","2.05","2018","نوفمبر","November","104.86"
"3"," مجموعة التبغ","Tobacco group","0.35","2015","يناير","January","105.32"
"203"," مجموعة النقل","Transport group","10.62","2016","إبريل","April","94.34"
"403"," مجموعة السلع والخدمات المتنوعة","Miscellaneous Goods and Services group","5.63","2017","يوليو","July","116.41"
"603","مجموعة السكن والمياه والكهرباء والغاز والوقود","Housing/water/electricity/gas/other fuels group","43.62","2018","نوفمبر","November","105.95"
"4"," مجموعة الملابس وملبوسات القدم","Clothing and Footwear group","2.05","2015","يناير","January","105.09"
"204"," مجموعة الاتصالات","Communication group","5.22","2016","إبريل","April","100.45"
"404","الرقم القياسي لأسعار المستهلك ","General index number","100.00","2017","أغسطس","August","108.67"
"604","مجموعة الاثاث والتأثيث والأدوات المنزلية وإصلاحها","Furnishings/household equipment/routine household maintenance group","3.76","2018","نوفمبر","November","113.33"
"5","مجموعة السكن والمياه والكهرباء والغاز والوقود","Housing/water/electricity/gas/other fuels group","43.62","2015","يناير","January","103.04"
"205"," مجموعة الترفيه والثقافه","Recreation and Culture group","2.33","2016","إبريل","April","101.34"
"405"," مجموعة الطعام والمشروبات","Food and beverages group","13.09","2017","أغسطس","August","102.77"
"605"," مجموعة الصحة","Health group","0.85","2018","نوفمبر","November","102.32"
"6","مجموعة الاثاث والتأثيث والأدوات المنزلية وإصلاحها","Furnishings/household equipment/routine household maintenance group","3.76","2015","يناير","January","100.32"
"206"," مجموعة التعليم","Education group","8.48","2016","إبريل","April","108.81"
"406"," مجموعة التبغ","Tobacco group","0.35","2017","أغسطس","August","99.34"
"606"," مجموعة النقل","Transport group","10.62","2018","نوفمبر","November","117.09"
"7"," مجموعة الصحة","Health group","0.85","2015","يناير","January","100.97"
"207"," مجموعة المطاعم والفنادق","Restaurants and hotels group","4.00","2016","إبريل","April","103.19"
"407"," مجموعة الملابس وملبوسات القدم","Clothing and Footwear group","2.05","2017","أغسطس","August","110.86"
"607"," مجموعة الاتصالات","Communication group","5.22","2018","نوفمبر","November","105.45"
"8"," مجموعة النقل","Transport group","10.62","2015","يناير","January","98.18"
"208"," مجموعة السلع والخدمات المتنوعة","Miscellaneous Goods and Services group","5.63","2016","إبريل","April","104.98"
"408","مجموعة السكن والمياه والكهرباء والغاز والوقود","Housing/water/electricity/gas/other fuels group","43.62","2017","أغسطس","August","111.91"
"608"," مجموعة الترفيه والثقافه","Recreation and Culture group","2.33","2018","نوفمبر","November","90.61"
"9"," مجموعة الاتصالات","Communication group","5.22","2015","يناير","January","100.89"
"209","الرقم القياسي لأسعار المستهلك ","General index number","100.00","2016","مايو","May","106.13"
"409","مجموعة الاثاث والتأثيث والأدوات المنزلية وإصلاحها","Furnishings/household equipment/routine household maintenance group","3.76","2017","أغسطس","August","109.19"
"609"," مجموعة التعليم","Education group","8.48","2018","نوفمبر","November","118.19"
"10"," مجموعة الترفيه والثقافه","Recreation and Culture group","2.33","2015","يناير","January","99.97"
"210"," مجموعة الطعام والمشروبات","Food and beverages group","13.09","2016","مايو","May","100.06"
"410"," مجموعة الصحة","Health group","0.85","2017","أغسطس","August","102.29"
"610"," مجموعة المطاعم والفنادق","Restaurants and hotels group","4.00","2018","نوفمبر","November","118.58"
"11"," مجموعة التعليم","Education group","8.48","2015","يناير","January","101.35"
"211"," مجموعة التبغ","Tobacco group","0.35","2016","مايو","May","104.42"
"411"," مجموعة النقل","Transport group","10.62","2017","أغسطس","August","103.76"
"611"," مجموعة السلع والخدمات المتنوعة","Miscellaneous Goods and Services group","5.63","2018","نوفمبر","November","114.53"
"12"," مجموعة المطاعم والفنادق","Restaurants and hotels group","4.00","2015","يناير","January","100.48"
"212"," مجموعة الملابس وملبوسات القدم","Clothing and Footwear group","2.05","2016","مايو","May","104.14"
"412"," مجموعة الاتصالات","Communication group","5.22","2017","أغسطس","August","99.99"
"612","الرقم القياسي لأسعار المستهلك ","General index number","100.00","2018","ديسمبر","December","108.95"
"13"," مجموعة السلع والخدمات المتنوعة","Miscellaneous Goods and Services group","5.63","2015","يناير","January","101.52"
"213","مجموعة السكن والمياه والكهرباء والغاز والوقود","Housing/water/electricity/gas/other fuels group","43.62","2016","مايو","May","110.63"
"413"," مجموعة الترفيه والثقافه","Recreation and Culture group","2.33","2017","أغسطس","August","89.12"
"613"," مجموعة الطعام والمشروبات","Food and beverages group","13.09","2018","ديسمبر","December","106.62"
"14","الرقم القياسي لأسعار المستهلك ","General index number","100.00","2015","فبراير","February","101.43"
"214","مجموعة الاثاث والتأثيث والأدوات المنزلية وإصلاحها","Furnishings/household equipment/routine household maintenance group","3.76","2016","مايو","May","109.80"
"414"," مجموعة التعليم","Education group","8.48","2017","أغسطس","August","114.47"
"614"," مجموعة التبغ","Tobacco group","0.35","2018","ديسمبر","December","177.33"
"15"," مجموعة الطعام والمشروبات","Food and beverages group","13.09","2015","فبراير","February","97.83"
"215"," مجموعة الصحة","Health group","0.85","2016","مايو","May","101.84"
"415"," مجموعة المطاعم والفنادق","Restaurants and hotels group","4.00","2017","أغسطس","August","105.55"
"615"," مجموعة الملابس وملبوسات القدم","Clothing and Footwear group","2.05","2018","ديسمبر","December","108.74"
"16"," مجموعة التبغ","Tobacco group","0.35","2015","فبراير","February","105.32"
"216"," مجموعة النقل","Transport group","10.62","2016","مايو","May","98.09"
"416"," مجموعة السلع والخدمات المتنوعة","Miscellaneous Goods and Services group","5.63","2017","أغسطس","August","116.48"
"616","مجموعة السكن والمياه والكهرباء والغاز والوقود","Housing/water/electricity/gas/other fuels group","43.62","2018","ديسمبر","December","105.33"
"17"," مجموعة الملابس وملبوسات القدم","Clothing and Footwear group","2.05","2015","فبراير","February","105.09"
"217"," مجموعة الاتصالات","Communication group","5.22","2016","مايو","May","100.45"
"417","الرقم القياسي لأسعار المستهلك ","General index number","100.00","2017","سبتمبر","September","108.87"
"617","مجموعة الاثاث والتأثيث والأدوات المنزلية وإصلاحها","Furnishings/household equipment/routine household maintenance group","3.76","2018","ديسمبر","December","113.56"
"18","مجموعة السكن والمياه والكهرباء والغاز والوقود","Housing/water/electricity/gas/other fuels group","43.62","2015","فبراير","February","103.58"
"218"," مجموعة الترفيه والثقافه","Recreation and Culture group","2.33","2016","مايو","May","101.30"
"418"," مجموعة الطعام والمشروبات","Food and beverages group","13.09","2017","سبتمبر","September","103.39"
"618"," مجموعة الصحة","Health group","0.85","2018","ديسمبر","December","102.39"
"19","مجموعة الاثاث والتأثيث والأدوات المنزلية وإصلاحها","Furnishings/household equipment/routine household maintenance group","3.76","2015","فبراير","February","100.50"
"219"," مجموعة التعليم","Education group","8.48","2016","مايو","May","108.81"
"419"," مجموعة التبغ","Tobacco group","0.35","2017","سبتمبر","September","99.34"
"619"," مجموعة النقل","Transport group","10.62","2018","ديسمبر","December","113.01"
"20"," مجموعة الصحة","Health group","0.85","2015","فبراير","February","100.97"
"220"," مجموعة المطاعم والفنادق","Restaurants and hotels group","4.00","2016","مايو","May","103.08"
"420"," مجموعة الملابس وملبوسات القدم","Clothing and Footwear group","2.05","2017","سبتمبر","September","110.96"
"620"," مجموعة الاتصالات","Communication group","5.22","2018","ديسمبر","December","105.43"
"21"," مجموعة النقل","Transport group","10.62","2015","فبراير","February","97.47"
"221"," مجموعة السلع والخدمات المتنوعة","Miscellaneous Goods and Services group","5.63","2016","مايو","May","104.99"
"421","مجموعة السكن والمياه والكهرباء والغاز والوقود","Housing/water/electricity/gas/other fuels group","43.62","2017","سبتمبر","September","111.66"
"621"," مجموعة الترفيه والثقافه","Recreation and Culture group","2.33","2018","ديسمبر","December","97.48"
"22"," مجموعة الاتصالات","Communication group","5.22","2015","فبراير","February","100.89"
"222","الرقم القياسي لأسعار المستهلك ","General index number","100.00","2016","يونيو","June","107.17"
"422","مجموعة الاثاث والتأثيث والأدوات المنزلية وإصلاحها","Furnishings/household equipment/routine household maintenance group","3.76","2017","سبتمبر","September","109.15"
"622"," مجموعة التعليم","Education group","8.48","2018","ديسمبر","December","118.19"
"23"," مجموعة الترفيه والثقافه","Recreation and Culture group","2.33","2015","فبراير","February","99.78"
"223"," مجموعة الطعام والمشروبات","Food and beverages group","13.09","2016","يونيو","June","101.54"
"423"," مجموعة الصحة","Health group","0.85","2017","سبتمبر","September","102.57"
"623"," مجموعة المطاعم والفنادق","Restaurants and hotels group","4.00","2018","ديسمبر","December","120.47"
"24"," مجموعة التعليم","Education group","8.48","2015","فبراير","February","101.35"
"224"," مجموعة التبغ","Tobacco group","0.35","2016","يونيو","June","104.42"
"424"," مجموعة النقل","Transport group","10.62","2017","سبتمبر","September","104.11"
"624"," مجموعة السلع والخدمات المتنوعة","Miscellaneous Goods and Services group","5.63","2018","ديسمبر","December","114.46"
"25"," مجموعة المطاعم والفنادق","Restaurants and hotels group","4.00","2015","فبراير","February","100.50"
"225"," مجموعة الملابس وملبوسات القدم","Clothing and Footwear group","2.05","2016","يونيو","June","106.40"
"425"," مجموعة الاتصالات","Communication group","5.22","2017","سبتمبر","September","100.16"
"625","الرقم القياسي لأسعار المستهلك ","General index number","100.00","2019","يناير","January","107.57"
"26"," مجموعة السلع والخدمات المتنوعة","Miscellaneous Goods and Services group","5.63","2015","فبراير","February","101.61"
"226","مجموعة السكن والمياه والكهرباء والغاز والوقود","Housing/water/electricity/gas/other fuels group","43.62","2016","يونيو","June","110.85"
"426"," مجموعة الترفيه والثقافه","Recreation and Culture group","2.33","2017","سبتمبر","September","88.83"
"626"," مجموعة الطعام والمشروبات","Food and beverages group","13.09","2019","يناير","January","105.43"
"27","الرقم القياسي لأسعار المستهلك ","General index number","100.00","2015","مارس","March","101.81"
"227","مجموعة الاثاث والتأثيث والأدوات المنزلية وإصلاحها","Furnishings/household equipment/routine household maintenance group","3.76","2016","يونيو","June","109.72"
"427"," مجموعة التعليم","Education group","8.48","2017","سبتمبر","September","116.98"
"627"," مجموعة التبغ","Tobacco group","0.35","2019","يناير","January","177.33"
"28"," مجموعة الطعام والمشروبات","Food and beverages group","13.09","2015","مارس","March","97.84"
"228"," مجموعة الصحة","Health group","0.85","2016","يونيو","June","103.72"
"428"," مجموعة المطاعم والفنادق","Restaurants and hotels group","4.00","2017","سبتمبر","September","108.13"
"628"," مجموعة الملابس وملبوسات القدم","Clothing and Footwear group","2.05","2019","يناير","January","103.78"
"29"," مجموعة التبغ","Tobacco group","0.35","2015","مارس","March","105.06"
"229"," مجموعة النقل","Transport group","10.62","2016","يونيو","June","104.44"
"429"," مجموعة السلع والخدمات المتنوعة","Miscellaneous Goods and Services group","5.63","2017","سبتمبر","September","114.18"
"629","مجموعة السكن والمياه والكهرباء والغاز والوقود","Housing/water/electricity/gas/other fuels group","43.62","2019","يناير","January","104.87"
"30"," مجموعة الملابس وملبوسات القدم","Clothing and Footwear group","2.05","2015","مارس","March","106.96"
"230"," مجموعة الاتصالات","Communication group","5.22","2016","يونيو","June","100.45"
"430","الرقم القياسي لأسعار المستهلك ","General index number","100.00","2017","أكتوبر","October","109.33"
"630","مجموعة الاثاث والتأثيث والأدوات المنزلية وإصلاحها","Furnishings/household equipment/routine household maintenance group","3.76","2019","يناير","January","113.23"
